id,date,annee,type,prix,surface,prixm2,codecommune,latitude,longitude
2014-1018916,2014-01-10,2014,Appartement,212000,62,3419,94071,48.769573,2.537343
2014-1018938,2014-01-23,2014,Maison,690300,140,4931,94071,48.779603,2.517753
2014-1018950,2014-01-24,2014,Maison,370000,106,3491,94071,48.771036,2.536456
2014-1018956,2014-01-16,2014,Maison,640000,145,4414,94071,48.767357,2.520807
2014-1018978,2014-01-21,2014,Maison,390000,132,2955,94071,48.766353,2.531841
2014-1018979,2014-01-24,2014,Maison,490700,144,3408,94071,48.762192,2.53717
2014-1019014,2014-01-30,2014,Maison,745000,223,3341,94071,48.766799,2.524514
2014-1019016,2014-02-07,2014,Maison,231000,60,3850,94071,48.775326,2.512614
2014-1019021,2014-02-03,2014,Maison,280000,71,3944,94071,48.776529,2.510987
2014-1019034,2014-01-17,2014,Appartement,115480,45,2566,94071,48.767259,2.528705
2014-1019095,2014-02-14,2014,Appartement,105000,28,3750,94071,48.762639,2.527516
2014-1019103,2014-01-31,2014,Maison,190000,120,1583,94071,48.778122,2.518733
2014-1019116,2014-02-05,2014,Appartement,197500,101,1955,94071,48.775918,2.522424
2014-1019132,2014-02-14,2014,Appartement,280000,83,3373,94071,48.785382,2.516611
2014-1019140,2014-02-21,2014,Maison,285000,51,5588,94071,48.766691,2.525717
2014-1019157,2014-02-03,2014,Appartement,146000,52,2808,94071,48.769549,2.522133
2014-1019178,2014-02-07,2014,Appartement,200000,49,4082,94071,48.770885,2.520508
2014-1019193,2014-02-14,2014,Appartement,137000,42,3262,94071,48.770869,2.525041
2014-1019200,2014-02-06,2014,Appartement,244000,83,2940,94071,48.785382,2.516611
2014-1019202,2014-02-27,2014,Appartement,127000,35,3629,94071,48.766586,2.508515
2014-1019217,2014-02-17,2014,Appartement,134000,53,2528,94071,48.776279,2.522352
2014-1019226,2014-02-27,2014,Appartement,137000,53,2585,94071,48.776279,2.522352
2014-1019231,2014-02-26,2014,Appartement,237000,69,3435,94071,48.769549,2.522133
2014-1019246,2014-02-26,2014,Maison,423000,136,3110,94071,48.774821,2.534913
2014-1019251,2014-02-14,2014,Maison,275000,54,5093,94071,48.759778,2.554798
2014-1019253,2014-02-25,2014,Maison,302000,47,6426,94071,48.775266,2.516885
2014-1019283,2014-02-20,2014,Appartement,158000,70,2257,94071,48.774714,2.529237
2014-1019284,2014-02-24,2014,Maison,375000,100,3750,94071,48.769434,2.518848
2014-1019295,2014-02-18,2014,Maison,340000,110,3091,94071,48.769128,2.511508
2014-1019308,2014-03-07,2014,Maison,230000,28,8214,94071,48.759448,2.529803
2014-1019315,2014-03-14,2014,Maison,320000,96,3333,94071,48.766516,2.508687
2014-1019320,2014-02-24,2014,Maison,225000,58,3879,94071,48.770022,2.519094
2014-1019354,2014-03-18,2014,Maison,350000,80,4375,94071,48.759562,2.546117
2014-1019375,2014-03-11,2014,Appartement,234000,74,3162,94071,48.769549,2.522133
2014-1019378,2014-02-26,2014,Maison,375000,103,3641,94071,48.767493,2.534435
2014-1019383,2014-03-21,2014,Maison,395000,91,4341,94071,48.765561,2.512204
2014-1019391,2014-03-14,2014,Appartement,266800,101,2642,94071,48.785382,2.516611
2014-1019416,2014-03-07,2014,Appartement,188500,56,3366,94071,48.77094,2.527167
2014-1019424,2014-03-27,2014,Maison,535000,102,5245,94071,48.765616,2.508912
2014-1019425,2014-03-26,2014,Maison,370450,118,3139,94071,48.761041,2.524723
2014-1019447,2014-03-26,2014,Appartement,149000,46,3239,94071,48.769549,2.522133
2014-1019464,2014-03-18,2014,Appartement,282000,76,3711,94071,48.769573,2.537343
2014-1019472,2014-03-26,2014,Appartement,155500,70,2221,94071,48.774714,2.529237
2014-1019480,2014-03-31,2014,Maison,336000,78,4308,94071,48.758668,2.530111
2014-1019481,2014-03-25,2014,Appartement,286000,140,2043,94071,48.765648,2.511997
2014-1019485,2014-03-27,2014,Maison,310000,58,5345,94071,48.773933,2.510576
2014-1019499,2014-02-27,2014,Appartement,163000,62,2629,94071,48.770869,2.525041
2014-1019515,2014-03-24,2014,Maison,300000,92,3261,94071,48.778499,2.513333
2014-1019529,2014-03-28,2014,Maison,320000,69,4638,94071,48.766253,2.527107
2014-1019545,2014-03-24,2014,Maison,440000,112,3929,94071,48.762786,2.510468
2014-1019549,2014-03-27,2014,Appartement,180000,67,2687,94071,48.770986,2.51008
2014-1019577,2014-03-18,2014,Maison,100000,39,2564,94071,48.767489,2.52378
2014-1019593,2014-03-31,2014,Appartement,145590,46,3165,94071,48.767259,2.528705
2014-1019608,2014-03-28,2014,Maison,300000,87,3448,94071,48.75968,2.546707
2014-1019672,2014-04-15,2014,Appartement,210340,68,3093,94071,48.772577,2.525787
2014-1019683,2014-03-24,2014,Maison,420000,133,3158,94071,48.755583,2.539415
2014-1019721,2014-03-31,2014,Appartement,231750,83,2792,94071,48.770986,2.51008
2014-1019747,2014-04-04,2014,Appartement,152640,57,2678,94071,48.767259,2.528705
2014-1019757,2014-05-02,2014,Appartement,80000,40,2000,94071,48.773579,2.510946
2014-1019759,2014-04-30,2014,Appartement,145000,32,4531,94071,48.769615,2.51879
2014-1019762,2014-04-30,2014,Maison,407000,78,5218,94071,48.769741,2.524638
2014-1019814,2014-04-29,2014,Maison,392550,145,2707,94071,48.756125,2.537816
2014-1019838,2014-04-23,2014,Maison,450100,132,3410,94071,48.77328,2.528959
2014-1019865,2014-05-05,2014,Maison,411750,120,3431,94071,48.771473,2.530513
2014-1019869,2014-05-15,2014,Maison,340000,57,5965,94071,48.775325,2.514126
2014-1019873,2014-04-18,2014,Appartement,70000,31,2258,94071,48.768975,2.521782
2014-1019890,2014-04-30,2014,Maison,219000,52,4212,94071,48.766458,2.516821
2014-1019894,2014-04-22,2014,Appartement,207000,71,2915,94071,48.766693,2.528216
2014-1019898,2014-04-30,2014,Maison,385000,110,3500,94071,48.763448,2.530538
2014-1019920,2014-05-05,2014,Appartement,137000,57,2404,94071,48.769759,2.508438
2014-1019926,2014-03-27,2014,Maison,185500,39,4756,94071,48.75705,2.538999
2014-1019960,2014-05-12,2014,Appartement,196000,75,2613,94071,48.772498,2.518166
2014-1019965,2014-04-23,2014,Maison,408000,116,3517,94071,48.765311,2.527448
2014-1019970,2014-05-26,2014,Maison,483000,84,5750,94071,48.769207,2.514893
2014-1019972,2014-05-28,2014,Appartement,225000,67,3358,94071,48.770986,2.51008
2014-1019988,2014-05-28,2014,Appartement,132500,44,3011,94071,48.769565,2.509842
2014-1019989,2014-05-23,2014,Appartement,200000,66,3030,94071,48.769573,2.537343
2014-1019990,2014-05-23,2014,Maison,350000,110,3182,94071,48.767161,2.528115
2014-1019991,2014-05-30,2014,Maison,265000,48,5521,94071,48.774207,2.515696
2014-1020001,2014-05-23,2014,Appartement,130000,14,9286,94071,48.770444,2.519929
2014-1020027,2014-05-27,2014,Maison,340000,104,3269,94071,48.77249,2.516415
2014-1020057,2014-05-15,2014,Maison,350000,80,4375,94071,48.772888,2.508753
2014-1020138,2014-05-22,2014,Appartement,118100,48,2460,94071,48.767259,2.528705
2014-1020140,2014-05-14,2014,Appartement,213750,47,4548,94071,48.771708,2.511008
2014-1020143,2014-05-16,2014,Maison,415000,124,3347,94071,48.771482,2.535034
2014-1020155,2014-06-06,2014,Appartement,160000,56,2857,94071,48.77094,2.527167
2014-1020169,2014-06-04,2014,Appartement,140000,70,2000,94071,48.774714,2.529237
2014-1020186,2014-06-02,2014,Appartement,177460,73,2431,94071,48.767259,2.528705
2014-1020212,2014-06-19,2014,Maison,370000,137,2701,94071,48.765984,2.531881
2014-1020224,2014-06-19,2014,Appartement,232000,72,3222,94071,48.77094,2.527167
2014-1020230,2014-06-05,2014,Appartement,148000,67,2209,94071,48.77511,2.529948
2014-1020256,2014-06-13,2014,Appartement,209900,91,2307,94071,48.767259,2.528705
2014-1020260,2014-06-30,2014,Maison,354000,145,2441,94071,48.759657,2.555983
2014-1020271,2014-06-11,2014,Maison,490500,87,5638,94071,48.768405,2.510854
2014-1020289,2014-06-26,2014,Maison,409326,144,2843,94071,48.769715,2.519902
2014-1020295,2014-06-24,2014,Appartement,205000,72,2847,94071,48.77094,2.527167
2014-1020297,2014-06-23,2014,Appartement,198200,58,3417,94071,48.772577,2.525787
2014-1020298,2014-06-12,2014,Appartement,210000,63,3333,94071,48.785382,2.516611
2014-1020299,2014-06-19,2014,Maison,315000,88,3580,94071,48.761473,2.532398
2014-1020342,2014-07-07,2014,Maison,385000,110,3500,94071,48.767573,2.535849
2014-1020356,2014-07-08,2014,Maison,88000,12,7333,94071,48.762347,2.523409
2014-1020378,2014-07-03,2014,Maison,300000,50,6000,94071,48.764481,2.533299
2014-1020398,2014-07-09,2014,Maison,590000,194,3041,94071,48.761038,2.526334
2014-1020408,2014-06-18,2014,Maison,427000,136,3140,94071,48.766751,2.534851
2014-1020426,2014-07-09,2014,Maison,485000,157,3089,94071,48.776015,2.508627
2014-1020429,2014-07-15,2014,Appartement,213000,59,3610,94071,48.770302,2.522662
2014-1020455,2014-07-16,2014,Appartement,173000,101,1713,94071,48.775918,2.522424
2014-1020457,2014-06-30,2014,Maison,570000,169,3373,94071,48.757868,2.554941
2014-1020474,2014-07-18,2014,Maison,485000,150,3233,94071,48.771638,2.511278
2014-1020487,2014-07-08,2014,Maison,240500,62,3879,94071,48.780712,2.518705
2014-1020494,2014-06-25,2014,Appartement,70910,29,2445,94071,48.767259,2.528705
2014-1020510,2014-07-21,2014,Maison,263000,56,4696,94071,48.765742,2.509328
2014-1020514,2014-07-23,2014,Appartement,128000,54,2370,94071,48.77511,2.529948
2014-1020521,2014-06-30,2014,Appartement,105000,52,2019,94071,48.768639,2.508093
2014-1020542,2014-07-25,2014,Maison,422000,100,4220,94071,48.780037,2.513156
2014-1020551,2014-07-25,2014,Appartement,216000,68,3176,94071,48.772577,2.525787
2014-1020578,2014-06-27,2014,Appartement,150000,48,3125,94071,48.769549,2.522133
2014-1020597,2014-07-29,2014,Maison,550000,120,4583,94071,48.769303,2.521515
2014-1020612,2014-07-31,2014,Maison,400000,109,3670,94071,48.771482,2.535034
2014-1020638,2014-07-29,2014,Appartement,190000,62,3065,94071,48.770869,2.525041
2014-1020650,2014-07-18,2014,Maison,282000,85,3318,94071,48.760255,2.549602
2014-1020668,2014-07-09,2014,Maison,495000,245,2020,94071,48.756297,2.557155
2014-1020719,2014-07-15,2014,Maison,430000,194,2216,94071,48.762801,2.531963
2014-1020720,2014-07-18,2014,Maison,400000,100,4000,94071,48.774884,2.51814
2014-1020726,2014-07-31,2014,Maison,400000,137,2920,94071,48.771036,2.536456
2014-1020747,2014-07-25,2014,Maison,310000,49,6327,94071,48.779107,2.52213
2014-1020748,2014-07-23,2014,Appartement,253000,87,2908,94071,48.77094,2.527167
2014-1020761,2014-08-18,2014,Appartement,148130,49,3023,94071,48.773775,2.508255
2014-1020767,2014-07-25,2014,Appartement,164000,70,2343,94071,48.774714,2.529237
2014-1020768,2014-07-22,2014,Appartement,130000,73,1781,94071,48.775918,2.522424
2014-1020785,2014-07-30,2014,Appartement,130000,28,4643,94071,48.768856,2.524035
2014-1020794,2014-07-31,2014,Maison,369750,110,3361,94071,48.774118,2.534133
2014-1020820,2014-08-26,2014,Appartement,103500,29,3569,94071,48.769549,2.522133
2014-1020831,2014-08-01,2014,Appartement,240000,75,3200,94071,48.775009,2.52781
2014-1020836,2014-08-22,2014,Maison,365000,126,2897,94071,48.76979,2.518748
2014-1020875,2014-08-22,2014,Maison,310000,82,3780,94071,48.778234,2.519229
2014-1020876,2014-08-26,2014,Appartement,151600,51,2973,94071,48.770869,2.525041
2014-1020877,2014-08-12,2014,Maison,262000,57,4596,94071,48.772124,2.508643
2014-1020896,2014-09-03,2014,Appartement,217000,68,3191,94071,48.772577,2.525787
2014-1020907,2014-08-07,2014,Appartement,168380,74,2275,94071,48.767259,2.528705
2014-1020912,2014-09-03,2014,Appartement,191000,58,3293,94071,48.772577,2.525787
2014-1020913,2014-09-02,2014,Appartement,110000,58,1897,94071,48.77511,2.529948
2014-1020914,2014-09-03,2014,Maison,320000,80,4000,94071,48.762388,2.52333
2014-1020919,2014-09-02,2014,Appartement,110000,30,3667,94071,48.763299,2.519804
2014-1020924,2014-08-29,2014,Maison,400000,121,3306,94071,48.771308,2.529345
2014-1020950,2014-08-19,2014,Appartement,198960,91,2186,94071,48.767259,2.528705
2014-1020963,2014-08-29,2014,Maison,280000,50,5600,94071,48.764842,2.518249
2014-1020976,2014-08-22,2014,Appartement,130000,55,2364,94071,48.770697,2.508752
2014-1021009,2014-08-19,2014,Appartement,190000,56,3393,94071,48.77094,2.527167
2014-1021011,2014-08-29,2014,Appartement,173500,46,3772,94071,48.769549,2.522133
2014-1021031,2014-08-26,2014,Maison,457500,158,2896,94071,48.763551,2.520883
2014-1021039,2014-09-04,2014,Appartement,176000,59,2983,94071,48.769573,2.537343
2014-1021060,2014-09-03,2014,Appartement,231000,79,2924,94071,48.779618,2.510823
2014-1021073,2014-09-23,2014,Maison,530000,149,3557,94071,48.764537,2.516962
2014-1021101,2014-09-23,2014,Maison,378000,84,4500,94071,48.77861,2.520839
2014-1021111,2014-09-09,2014,Maison,595000,192,3099,94071,48.773092,2.533922
2014-1021128,2014-09-05,2014,Maison,342000,86,3977,94071,48.756894,2.552338
2014-1021131,2014-09-10,2014,Maison,381300,103,3702,94071,48.763804,2.535282
2014-1021136,2014-09-12,2014,Maison,208000,67,3104,94071,48.760627,2.524878
2014-1021172,2014-09-30,2014,Maison,652000,148,4405,94071,48.769726,2.512483
2014-1021178,2014-10-02,2014,Appartement,143000,70,2043,94071,48.77511,2.529948
2014-1021204,2014-09-15,2014,Maison,327800,110,2980,94071,48.759235,2.551388
2014-1021213,2014-09-11,2014,Appartement,115000,34,3382,94071,48.769815,2.521868
2014-1021215,2014-09-16,2014,Maison,665000,170,3912,94071,48.76134,2.527976
2014-1021226,2014-09-30,2014,Maison,433000,188,2303,94071,48.77416,2.516069
2014-1021237,2014-09-19,2014,Maison,370000,72,5139,94071,48.770179,2.509437
2014-1021243,2014-10-02,2014,Appartement,173000,53,3264,94071,48.766693,2.528216
2014-1021245,2014-10-09,2014,Appartement,220000,53,4151,94071,48.771907,2.508456
2014-1021246,2014-10-09,2014,Maison,370000,127,2913,94071,48.758573,2.557287
2014-1021250,2014-10-06,2014,Maison,430000,161,2671,94071,48.75638,2.529489
2014-1021256,2014-09-24,2014,Maison,359000,125,2872,94071,48.771482,2.535034
2014-1021281,2014-09-24,2014,Appartement,198740,91,2184,94071,48.767259,2.528705
2014-1021310,2014-09-30,2014,Appartement,210000,72,2917,94071,48.77094,2.527167
2014-1021313,2014-10-02,2014,Appartement,200000,70,2857,94071,48.759742,2.547163
2014-1021315,2014-09-30,2014,Appartement,220000,83,2651,94071,48.785382,2.516611
2014-1021316,2014-09-30,2014,Appartement,174500,67,2604,94071,48.770986,2.51008
2014-1021338,2014-10-02,2014,Appartement,360500,78,4622,94071,48.769247,2.523063
2014-1021344,2014-10-16,2014,Maison,390000,81,4815,94071,48.761084,2.527192
2014-1021369,2014-10-06,2014,Appartement,108480,46,2358,94071,48.767259,2.528705
2014-1021370,2014-10-10,2014,Appartement,205020,91,2253,94071,48.767259,2.528705
2014-1021401,2014-10-08,2014,Maison,393000,100,3930,94071,48.759586,2.546429
2014-1021404,2014-10-31,2014,Maison,465500,114,4083,94071,48.76693,2.520018
2014-1021426,2014-10-24,2014,Maison,349000,134,2604,94071,48.77465,2.516622
2014-1021473,2014-10-13,2014,Maison,363000,139,2612,94071,48.765381,2.532323
2014-1021480,2014-10-15,2014,Appartement,199620,91,2194,94071,48.767259,2.528705
2014-1021492,2014-10-23,2014,Maison,265000,63,4206,94071,48.757888,2.530599
2014-1021502,2014-10-17,2014,Appartement,170390,75,2272,94071,48.767259,2.528705
2014-1021517,2014-11-10,2014,Appartement,174000,83,2096,94071,48.774714,2.529237
2014-1021525,2014-10-30,2014,Maison,446000,119,3748,94071,48.760101,2.551433
2014-1021555,2014-10-24,2014,Maison,385000,122,3156,94071,48.775577,2.510356
2014-1021585,2014-11-21,2014,Appartement,179000,83,2157,94071,48.774714,2.529237
2014-1021587,2014-11-03,2014,Maison,321000,74,4338,94071,48.766808,2.522902
2014-1021603,2014-10-30,2014,Maison,320000,44,7273,94071,48.760148,2.551738
2014-1021604,2014-11-03,2014,Maison,353000,82,4305,94071,48.775666,2.516327
2014-1021634,2014-11-14,2014,Maison,400000,188,2128,94071,48.757539,2.556001
2014-1021646,2014-11-28,2014,Maison,255000,54,4722,94071,48.772646,2.526519
2014-1021648,2014-11-28,2014,Maison,282000,77,3662,94071,48.760313,2.527203
2014-1021649,2014-11-28,2014,Maison,483000,145,3331,94071,48.759977,2.548613
2014-1021658,2014-11-17,2014,Appartement,98500,24,4104,94071,48.773761,2.509034
2014-1021659,2014-11-28,2014,Maison,350000,88,3977,94071,48.756861,2.542152
2014-1021664,2014-11-10,2014,Maison,295000,95,3105,94071,48.763486,2.525614
2014-1021669,2014-11-28,2014,Maison,420000,152,2763,94071,48.761902,2.528171
2014-1021673,2014-12-02,2014,Appartement,252000,76,3316,94071,48.769573,2.537343
2014-1021679,2014-11-12,2014,Appartement,141800,60,2363,94071,48.767259,2.528705
2014-1021684,2014-11-14,2014,Maison,533000,180,2961,94071,48.758632,2.556178
2014-1021712,2014-12-02,2014,Maison,440000,114,3860,94071,48.767825,2.535035
2014-1021722,2014-12-01,2014,Maison,280000,64,4375,94071,48.764362,2.532038
2014-1021748,2014-12-01,2014,Maison,351000,74,4743,94071,48.762939,2.527878
2014-1021755,2014-10-31,2014,Appartement,185000,81,2284,94071,48.772498,2.518166
2014-1021757,2014-11-19,2014,Appartement,315000,58,5431,94071,48.770135,2.520344
2014-1021776,2014-12-09,2014,Maison,269000,59,4559,94071,48.76382,2.528403
2014-1021793,2014-12-05,2014,Maison,400000,137,2920,94071,48.765263,2.532111
2014-1021798,2014-11-28,2014,Maison,355000,94,3777,94071,48.768511,2.535577
2014-1021808,2014-11-27,2014,Appartement,81875,83,986,94071,48.77511,2.529948
2014-1021813,2014-12-03,2014,Maison,325000,66,4924,94071,48.766783,2.525509
2014-1021818,2014-11-28,2014,Appartement,106000,34,3118,94071,48.77009,2.508006
2014-1021834,2014-12-09,2014,Appartement,84000,20,4200,94071,48.769815,2.521868
2014-1021840,2014-12-17,2014,Appartement,101000,26,3885,94071,48.769815,2.521868
2014-1021844,2014-12-13,2014,Maison,190000,80,2375,94071,48.765033,2.518483
2014-1021900,2014-11-28,2014,Maison,360000,95,3789,94071,48.76005,2.549787
2014-1021920,2014-12-16,2014,Maison,380850,122,3122,94071,48.763499,2.537447
2014-1021949,2014-12-18,2014,Appartement,195000,101,1931,94071,48.775918,2.522424
2014-1021957,2014-12-18,2014,Maison,305000,42,7262,94071,48.764471,2.529063
2014-1021960,2014-12-22,2014,Maison,300000,88,3409,94071,48.764541,2.5114
2014-1022009,2014-12-22,2014,Appartement,137500,51,2696,94071,48.779618,2.510823
2014-1022025,2014-12-17,2014,Maison,239000,63,3794,94071,48.765048,2.519706
2014-1022030,2014-12-30,2014,Maison,170000,45,3778,94071,48.764248,2.530782
2014-1022041,2014-12-23,2014,Appartement,170000,62,2742,94071,48.770869,2.525041
2015-1105399,2015-01-05,2015,Appartement,140000,80,1750,94071,48.762117,2.526888
2015-1105429,2015-01-08,2015,Appartement,275000,83,3313,94071,48.785382,2.516611
2015-1105453,2015-01-23,2015,Maison,270000,74,3649,94071,48.775397,2.521489
2015-1105459,2015-01-23,2015,Appartement,115000,55,2091,94071,48.77511,2.529948
2015-1105463,2015-01-08,2015,Appartement,150000,46,3261,94071,48.769549,2.522133
2015-1105469,2015-01-23,2015,Appartement,52000,18,2889,94071,48.77055,2.520944
2015-1105472,2015-01-30,2015,Maison,393500,130,3027,94071,48.763671,2.512806
2015-1105495,2015-01-16,2015,Appartement,150000,62,2419,94071,48.770869,2.525041
2015-1105499,2015-01-14,2015,Maison,469000,139,3374,94071,48.766652,2.538926
2015-1105502,2015-01-19,2015,Maison,236400,60,3940,94071,48.776011,2.51036
2015-1105522,2015-01-30,2015,Appartement,261000,83,3145,94071,48.766792,2.532928
2015-1105545,2015-01-29,2015,Maison,335000,49,6837,94071,48.767969,2.509541
2015-1105551,2015-02-06,2015,Maison,415000,146,2842,94071,48.76249,2.525827
2015-1105565,2015-01-29,2015,Maison,370000,145,2552,94071,48.756114,2.542194
2015-1105578,2015-02-06,2015,Appartement,266000,84,3167,94071,48.766693,2.528216
2015-1105591,2015-01-30,2015,Appartement,190000,62,3065,94071,48.770869,2.525041
2015-1105594,2015-02-02,2015,Maison,350000,121,2893,94071,48.755781,2.530365
2015-1105595,2015-01-29,2015,Maison,217000,65,3338,94071,48.763981,2.529906
2015-1105629,2015-02-06,2015,Appartement,234000,68,3441,94071,48.772577,2.525787
2015-1105631,2015-01-31,2015,Maison,257000,56,4589,94071,48.767021,2.51008
2015-1105654,2015-02-11,2015,Maison,407150,75,5429,94071,48.766679,2.522518
2015-1105678,2015-02-09,2015,Appartement,147020,61,2410,94071,48.767259,2.528705
2015-1105680,2015-02-13,2015,Maison,380050,108,3519,94071,48.774138,2.517534
2015-1105721,2015-02-13,2015,Appartement,168530,73,2309,94071,48.769549,2.522133
2015-1105722,2015-01-29,2015,Appartement,100000,57,1754,94071,48.77511,2.529948
2015-1105759,2015-02-16,2015,Appartement,260900,65,4014,94071,48.766792,2.532928
2015-1105763,2015-02-19,2015,Appartement,149000,72,2069,94071,48.774714,2.529237
2015-1105771,2015-02-19,2015,Appartement,105000,34,3088,94071,48.76737,2.533648
2015-1105778,2015-02-23,2015,Maison,349000,104,3356,94071,48.759954,2.527301
2015-1105788,2015-02-20,2015,Appartement,135000,44,3068,94071,48.77009,2.508006
2015-1105789,2015-03-11,2015,Appartement,218000,70,3114,94071,48.759742,2.547163
2015-1105791,2015-02-27,2015,Appartement,194940,56,3481,94071,48.77094,2.527167
2015-1105798,2015-03-09,2015,Appartement,362000,89,4067,94071,48.770885,2.520508
2015-1105799,2015-03-02,2015,Appartement,100000,24,4167,94071,48.769815,2.521868
2015-1105803,2015-02-23,2015,Appartement,101100,67,1509,94071,48.771784,2.522928
2015-1105811,2015-03-11,2015,Appartement,88000,21,4190,94071,48.769815,2.521868
2015-1105817,2015-02-25,2015,Appartement,168000,83,2024,94071,48.774714,2.529237
2015-1105832,2015-03-03,2015,Appartement,157000,62,2532,94071,48.770869,2.525041
2015-1105865,2015-03-12,2015,Maison,401500,137,2931,94071,48.765573,2.525531
2015-1105875,2015-03-04,2015,Maison,245000,120,2042,94071,48.759629,2.551575
2015-1105905,2015-03-20,2015,Appartement,152500,49,3112,94071,48.770885,2.520508
2015-1105979,2015-03-20,2015,Maison,412000,123,3350,94071,48.771091,2.532518
2015-1105980,2015-03-20,2015,Maison,270000,86,3140,94071,48.775699,2.509672
2015-1105982,2015-03-24,2015,Maison,278000,56,4964,94071,48.764248,2.530782
2015-1105983,2015-03-31,2015,Appartement,161000,90,1789,94071,48.775918,2.522424
2015-1105987,2015-03-24,2015,Maison,510000,69,7391,94071,48.769175,2.510576
2015-1105992,2015-03-25,2015,Appartement,330000,85,3882,94071,48.771708,2.511008
2015-1106002,2015-03-19,2015,Maison,450000,77,5844,94071,48.762494,2.531142
2015-1106016,2015-04-01,2015,Maison,228000,43,5302,94071,48.77621,2.511653
2015-1106042,2015-03-27,2015,Maison,385000,120,3208,94071,48.757877,2.541833
2015-1106063,2015-04-15,2015,Appartement,215000,67,3209,94071,48.770986,2.51008
2015-1106076,2015-03-27,2015,Appartement,96000,23,4174,94071,48.763299,2.519804
2015-1106079,2015-03-19,2015,Maison,250450,65,3853,94071,48.764149,2.529942
2015-1106085,2015-04-10,2015,Maison,393000,161,2441,94071,48.75539,2.543669
2015-1106091,2015-04-07,2015,Appartement,126750,47,2697,94071,48.769549,2.522133
2015-1106151,2015-04-15,2015,Maison,482500,172,2805,94071,48.767404,2.536794
2015-1106153,2015-04-13,2015,Appartement,200050,73,2740,94071,48.770231,2.521034
2015-1106166,2015-04-22,2015,Maison,386000,119,3244,94071,48.779873,2.514764
2015-1106170,2015-04-14,2015,Appartement,205000,83,2470,94071,48.785382,2.516611
2015-1106196,2015-03-31,2015,Maison,386500,108,3579,94071,48.759431,2.558018
2015-1106226,2015-04-08,2015,Appartement,144230,57,2530,94071,48.767259,2.528705
2015-1106236,2015-04-23,2015,Appartement,229000,72,3181,94071,48.77094,2.527167
2015-1106239,2015-04-13,2015,Maison,96000,122,787,94071,48.763997,2.53784
2015-1106244,2015-04-13,2015,Maison,200000,60,3333,94071,48.756254,2.537136
2015-1106246,2015-03-12,2015,Appartement,135000,53,2547,94071,48.776279,2.522352
2015-1106299,2015-04-16,2015,Maison,135000,74,1824,94071,48.77842,2.520138
2015-1106312,2015-05-11,2015,Maison,347000,106,3274,94071,48.759347,2.529914
2015-1106342,2015-04-27,2015,Maison,490000,170,2882,94071,48.767988,2.509633
2015-1106355,2015-04-21,2015,Maison,80000,46,1739,94071,48.764367,2.533497
2015-1106357,2015-05-19,2015,Maison,440211,114,3862,94071,48.766598,2.535443
2015-1106376,2015-04-28,2015,Maison,150000,36,4167,94071,48.772041,2.529492
2015-1106384,2015-04-30,2015,Appartement,140680,60,2345,94071,48.767259,2.528705
2015-1106395,2015-05-07,2015,Appartement,93500,25,3740,94071,48.776657,2.510969
2015-1106398,2015-05-11,2015,Maison,376910,107,3523,94071,48.762749,2.536696
2015-1106399,2015-05-12,2015,Maison,395000,102,3873,94071,48.764064,2.514165
2015-1106420,2015-05-22,2015,Appartement,29300,85,345,94071,48.766693,2.528216
2015-1106424,2015-05-22,2015,Maison,345000,137,2518,94071,48.766861,2.53742
2015-1106446,2015-05-12,2015,Maison,368000,56,6571,94071,48.7641,2.511491
2015-1106448,2015-05-27,2015,Appartement,175000,62,2823,94071,48.770869,2.525041
2015-1106466,2015-05-22,2015,Appartement,145000,46,3152,94071,48.769549,2.522133
2015-1106468,2015-05-06,2015,Appartement,167800,69,2432,94071,48.77347,2.51847
2015-1106484,2015-06-01,2015,Maison,440550,100,4406,94071,48.766007,2.508423
2015-1106492,2015-05-13,2015,Maison,390000,106,3679,94071,48.763609,2.534086
2015-1106505,2015-05-05,2015,Maison,210000,46,4565,94071,48.764341,2.533235
2015-1106515,2015-05-13,2015,Maison,440000,145,3034,94071,48.756707,2.534426
2015-1106520,2015-05-22,2015,Appartement,150000,48,3125,94071,48.769549,2.522133
2015-1106549,2015-06-10,2015,Appartement,150000,46,3261,94071,48.769549,2.522133
2015-1106551,2015-05-28,2015,Appartement,208500,66,3159,94071,48.769573,2.537343
2015-1106563,2015-05-23,2015,Appartement,135000,70,1929,94071,48.774714,2.529237
2015-1106588,2015-06-17,2015,Appartement,170000,63,2698,94071,48.785382,2.516611
2015-1106589,2015-06-15,2015,Maison,450000,141,3191,94071,48.773216,2.515776
2015-1106590,2015-06-15,2015,Appartement,205000,44,4659,94071,48.769247,2.523063
2015-1106593,2015-06-10,2015,Appartement,230000,86,2674,94071,48.766693,2.528216
2015-1106599,2015-05-27,2015,Appartement,111380,45,2475,94071,48.767259,2.528705
2015-1106607,2015-06-10,2015,Appartement,259000,80,3238,94071,48.766792,2.532928
2015-1106631,2015-06-02,2015,Appartement,100000,33,3030,94071,48.768856,2.524035
2015-1106636,2015-06-16,2015,Maison,269000,66,4076,94071,48.756288,2.5389
2015-1106637,2015-05-28,2015,Appartement,70410,30,2347,94071,48.767259,2.528705
2015-1106667,2015-06-23,2015,Appartement,230000,81,2840,94071,48.772498,2.518166
2015-1106702,2015-06-04,2015,Maison,485500,111,4374,94071,48.765337,2.523459
2015-1106721,2015-06-01,2015,Maison,245000,65,3769,94071,48.756019,2.53713
2015-1106732,2015-06-19,2015,Maison,230000,56,4107,94071,48.764248,2.530782
2015-1106733,2015-06-30,2015,Maison,340000,90,3778,94071,48.772836,2.509252
2015-1106737,2015-06-09,2015,Maison,266000,52,5115,94071,48.763386,2.534021
2015-1106748,2015-06-12,2015,Maison,600000,194,3093,94071,48.755396,2.554987
2015-1106749,2015-06-19,2015,Appartement,131000,70,1871,94071,48.774714,2.529237
2015-1106752,2015-06-30,2015,Maison,552000,133,4150,94071,48.772233,2.516918
2015-1106780,2015-07-01,2015,Maison,220300,63,3497,94071,48.766458,2.516821
2015-1106782,2015-06-15,2015,Appartement,136000,28,4857,94071,48.769549,2.522133
2015-1106798,2015-07-03,2015,Maison,439400,152,2891,94071,48.755705,2.543367
2015-1106818,2015-06-19,2015,Appartement,75000,25,3000,94071,48.77094,2.527167
2015-1106822,2015-07-02,2015,Appartement,158000,70,2257,94071,48.77511,2.529948
2015-1106845,2015-06-26,2015,Maison,290000,78,3718,94071,48.755362,2.535984
2015-1106856,2015-06-19,2015,Appartement,165000,83,1988,94071,48.774714,2.529237
2015-1106865,2015-06-26,2015,Maison,592500,68,8713,94071,48.768776,2.510201
2015-1106867,2015-06-26,2015,Maison,335000,89,3764,94071,48.767451,2.509235
2015-1106881,2015-07-10,2015,Maison,530000,160,3312,94071,48.758085,2.559414
2015-1106885,2015-07-06,2015,Appartement,212500,81,2623,94071,48.772498,2.518166
2015-1106897,2015-06-19,2015,Maison,438000,163,2687,94071,48.75547,2.532723
2015-1106907,2015-07-06,2015,Maison,380000,165,2303,94071,48.775173,2.519801
2015-1106908,2015-06-29,2015,Appartement,142500,70,2036,94071,48.774714,2.529237
2015-1106945,2015-07-10,2015,Maison,400000,106,3774,94071,48.771036,2.536456
2015-1106947,2015-06-30,2015,Appartement,350000,67,5224,94071,48.771784,2.522928
2015-1106972,2015-07-03,2015,Appartement,138000,80,1725,94071,48.77511,2.529948
2015-1106986,2015-07-20,2015,Appartement,120000,35,3429,94071,48.766586,2.508515
2015-1106998,2015-07-17,2015,Appartement,158000,70,2257,94071,48.774714,2.529237
2015-1107009,2015-07-17,2015,Appartement,149000,51,2922,94071,48.770869,2.525041
2015-1107017,2015-06-30,2015,Appartement,171140,72,2377,94071,48.767259,2.528705
2015-1107021,2015-07-16,2015,Maison,270000,71,3803,94071,48.755362,2.535984
2015-1107046,2015-07-21,2015,Appartement,128000,53,2415,94071,48.770986,2.51008
2015-1107047,2015-07-21,2015,Appartement,185000,65,2846,94071,48.771842,2.520675
2015-1107054,2015-07-16,2015,Appartement,268000,101,2653,94071,48.785382,2.516611
2015-1107064,2015-07-20,2015,Maison,380000,96,3958,94071,48.769129,2.514435
2015-1107100,2015-07-24,2015,Appartement,135000,40,3375,94071,48.7695,2.521595
2015-1107128,2015-07-23,2015,Appartement,221000,67,3299,94071,48.770986,2.51008
2015-1107129,2015-07-23,2015,Maison,535150,160,3345,94071,48.778757,2.518613
2015-1107146,2015-06-26,2015,Maison,496000,170,2918,94071,48.760579,2.526336
2015-1107153,2015-07-25,2015,Maison,345400,135,2559,94071,48.763485,2.523397
2015-1107162,2015-07-10,2015,Maison,475000,145,3276,94071,48.765385,2.533802
2015-1107169,2015-07-28,2015,Maison,439000,162,2710,94071,48.760434,2.530897
2015-1107200,2015-07-31,2015,Appartement,113500,30,3783,94071,48.770869,2.525041
2015-1107210,2015-07-17,2015,Maison,297500,66,4508,94071,48.764248,2.530782
2015-1107212,2015-07-08,2015,Appartement,140000,62,2258,94071,48.770869,2.525041
2015-1107227,2015-07-22,2015,Appartement,172000,56,3071,94071,48.77094,2.527167
2015-1107232,2015-07-10,2015,Maison,195000,36,5417,94071,48.780117,2.512804
2015-1107233,2015-07-31,2015,Maison,295000,75,3933,94071,48.763338,2.533639
2015-1107234,2015-07-07,2015,Appartement,175000,63,2778,94071,48.785382,2.516611
2015-1107247,2015-07-06,2015,Appartement,208700,67,3115,94071,48.770986,2.51008
2015-1107252,2015-07-10,2015,Maison,385150,136,2832,94071,48.756418,2.530016
2015-1107254,2015-07-17,2015,Maison,568000,171,3322,94071,48.768372,2.519004
2015-1107273,2015-07-31,2015,Appartement,165000,62,2661,94071,48.770869,2.525041
2015-1107281,2015-08-06,2015,Maison,345000,137,2518,94071,48.767168,2.537345
2015-1107287,2015-07-16,2015,Maison,220000,51,4314,94071,48.763325,2.534462
2015-1107330,2015-07-23,2015,Appartement,185000,75,2467,94071,48.769759,2.508438
2015-1107368,2015-08-17,2015,Maison,464000,139,3338,94071,48.767099,2.538767
2015-1107389,2015-08-20,2015,Maison,395000,91,4341,94071,48.755914,2.532517
2015-1107391,2015-07-30,2015,Maison,416500,124,3359,94071,48.771482,2.535034
2015-1107417,2015-08-27,2015,Maison,310000,100,3100,94071,48.760382,2.548837
2015-1107429,2015-08-11,2015,Maison,300000,86,3488,94071,48.761471,2.532578
2015-1107435,2015-08-31,2015,Maison,263260,65,4050,94071,48.764038,2.529916
2015-1107455,2015-08-28,2015,Appartement,122000,51,2392,94071,48.770869,2.525041
2015-1107460,2015-08-07,2015,Appartement,224000,68,3294,94071,48.772577,2.525787
2015-1107461,2015-08-07,2015,Maison,377000,68,5544,94071,48.779139,2.513153
2015-1107478,2015-09-03,2015,Appartement,130000,88,1477,94071,48.775918,2.522424
2015-1107479,2015-08-25,2015,Maison,238870,53,4507,94071,48.766458,2.516821
2015-1107567,2015-09-10,2015,Appartement,219000,79,2772,94071,48.779618,2.510823
2015-1107582,2015-09-11,2015,Maison,317000,91,3484,94071,48.767397,2.537367
2015-1107584,2015-08-27,2015,Maison,415000,114,3640,94071,48.767,2.53654
2015-1107590,2015-09-10,2015,Appartement,211000,75,2813,94071,48.785382,2.516611
2015-1107603,2015-09-11,2015,Maison,322000,97,3320,94071,48.774543,2.530874
2015-1107609,2015-08-28,2015,Appartement,119000,53,2245,94071,48.776279,2.522352
2015-1107610,2015-09-16,2015,Appartement,120000,34,3529,94071,48.773775,2.508255
2015-1107611,2015-08-20,2015,Maison,435000,94,4628,94071,48.760997,2.524204
2015-1107615,2015-08-28,2015,Maison,375000,92,4076,94071,48.768492,2.525057
2015-1107621,2015-09-10,2015,Maison,272000,53,5132,94071,48.777199,2.511797
2015-1107629,2015-09-10,2015,Maison,332000,57,5825,94071,48.762024,2.532879
2015-1107636,2015-08-28,2015,Maison,522560,136,3842,94071,48.767124,2.508264
2015-1107665,2015-08-31,2015,Appartement,145000,34,4265,94071,48.77094,2.527167
2015-1107680,2015-09-28,2015,Appartement,216390,67,3230,94071,48.770986,2.51008
2015-1107686,2015-09-25,2015,Appartement,246000,72,3417,94071,48.77094,2.527167
2015-1107690,2015-09-21,2015,Maison,468888,89,5268,94071,48.77097,2.512337
2015-1107696,2015-09-01,2015,Appartement,144450,72,2006,94071,48.774714,2.529237
2015-1107697,2015-09-08,2015,Maison,280000,49,5714,94071,48.758514,2.552172
2015-1107729,2015-09-10,2015,Maison,310000,62,5000,94071,48.777265,2.520567
2015-1107745,2015-09-08,2015,Maison,515000,95,5421,94071,48.766578,2.523824
2015-1107792,2015-09-21,2015,Maison,445000,149,2987,94071,48.763862,2.515903
2015-1107802,2015-09-15,2015,Appartement,209000,101,2069,94071,48.785382,2.516611
2015-1107809,2015-09-17,2015,Appartement,235000,73,3219,94071,48.766792,2.532928
2015-1107830,2015-09-11,2015,Maison,300000,95,3158,94071,48.774848,2.517737
2015-1107878,2015-10-12,2015,Appartement,150000,68,2206,94071,48.772577,2.525787
2015-1107881,2015-09-15,2015,Maison,430000,131,3282,94071,48.773272,2.53266
2015-1107887,2015-09-30,2015,Maison,280000,71,3944,94071,48.761393,2.527054
2015-1107910,2015-10-16,2015,Maison,347000,83,4181,94071,48.76076,2.529241
2015-1107923,2015-09-21,2015,Appartement,116000,54,2148,94071,48.77511,2.529948
2015-1107955,2015-09-25,2015,Appartement,198000,62,3194,94071,48.769573,2.537343
2015-1107960,2015-09-25,2015,Appartement,156000,51,3059,94071,48.779618,2.510823
2015-1107983,2015-09-28,2015,Appartement,104720,45,2327,94071,48.767259,2.528705
2015-1107995,2015-10-06,2015,Maison,411000,120,3425,94071,48.773653,2.513393
2015-1108020,2015-09-30,2015,Appartement,109180,47,2323,94071,48.767259,2.528705
2015-1108024,2015-10-12,2015,Appartement,148000,83,1783,94071,48.774714,2.529237
2015-1108025,2015-10-28,2015,Appartement,165000,53,3113,94071,48.766693,2.528216
2015-1108034,2015-09-17,2015,Maison,313000,91,3440,94071,48.767916,2.537954
2015-1108046,2015-10-29,2015,Maison,537000,122,4402,94071,48.771271,2.513863
2015-1108047,2015-10-19,2015,Maison,375000,71,5282,94071,48.766209,2.510092
2015-1108055,2015-10-05,2015,Appartement,122000,39,3128,94071,48.768856,2.524035
2015-1108087,2015-10-29,2015,Maison,385000,139,2770,94071,48.763902,2.534043
2015-1108100,2015-10-23,2015,Maison,433000,158,2741,94071,48.756942,2.534082
2015-1108108,2015-10-23,2015,Appartement,236200,83,2846,94071,48.785382,2.516611
2015-1108123,2015-10-09,2015,Maison,557400,130,4288,94071,48.766814,2.513596
2015-1108131,2015-10-09,2015,Maison,463000,178,2601,94071,48.771896,2.52934
2015-1108135,2015-11-03,2015,Maison,339000,89,3809,94071,48.768273,2.536764
2015-1108137,2015-11-02,2015,Appartement,131950,29,4550,94071,48.773707,2.509821
2015-1108148,2015-10-13,2015,Maison,308000,56,5500,94071,48.766201,2.516067
2015-1108168,2015-11-10,2015,Maison,340000,48,7083,94071,48.776899,2.516217
2015-1108189,2015-10-02,2015,Maison,262000,49,5347,94071,48.763002,2.523988
2015-1108211,2015-10-20,2015,Maison,290000,137,2117,94071,48.772997,2.529958
2015-1108213,2015-11-13,2015,Appartement,135000,42,3214,94071,48.770869,2.525041
2015-1108243,2015-10-30,2015,Maison,205000,58,3534,94071,48.768302,2.508126
2015-1108248,2015-09-22,2015,Appartement,50000,48,1042,94071,48.762117,2.526888
2015-1108257,2015-10-30,2015,Maison,545000,129,4225,94071,48.768645,2.510216
2015-1108270,2015-10-30,2015,Appartement,110000,26,4231,94071,48.771708,2.511008
2015-1108279,2015-10-26,2015,Maison,432300,105,4117,94071,48.761694,2.528429
2015-1108280,2015-10-27,2015,Appartement,210000,72,2917,94071,48.759647,2.553226
2015-1108326,2015-11-09,2015,Appartement,165000,62,2661,94071,48.770869,2.525041
2015-1108329,2015-10-30,2015,Maison,250000,88,2841,94071,48.759167,2.556494
2015-1108331,2015-09-28,2015,Appartement,150000,148,1014,94071,48.770162,2.519446
2015-1108336,2015-11-27,2015,Maison,345000,101,3416,94071,48.766042,2.516199
2015-1108353,2015-11-03,2015,Maison,275200,94,2928,94071,48.765089,2.518041
2015-1108363,2015-11-03,2015,Appartement,195000,73,2671,94071,48.766693,2.528216
2015-1108398,2015-11-06,2015,Appartement,111860,45,2486,94071,48.767259,2.528705
2015-1108399,2015-11-06,2015,Appartement,116680,48,2431,94071,48.767259,2.528705
2015-1108401,2015-12-02,2015,Maison,500000,55,9091,94071,48.780591,2.512866
2015-1108423,2015-11-13,2015,Appartement,131000,70,1871,94071,48.774714,2.529237
2015-1108460,2015-11-16,2015,Appartement,224000,65,3446,94071,48.767259,2.528705
2015-1108473,2015-11-23,2015,Appartement,244700,76,3220,94071,48.769573,2.537343
2015-1108475,2015-11-18,2015,Maison,220000,62,3548,94071,48.775893,2.511953
2015-1108476,2015-10-30,2015,Maison,375000,179,2095,94071,48.757311,2.557952
2015-1108477,2015-11-17,2015,Appartement,179000,42,4262,94071,48.77044,2.520168
2015-1108478,2015-11-16,2015,Maison,428000,64,6688,94071,48.772184,2.517038
2015-1108481,2015-12-02,2015,Maison,376000,98,3837,94071,48.767535,2.526719
2015-1108502,2015-12-11,2015,Appartement,260000,70,3714,94071,48.770885,2.520508
2015-1108509,2015-11-20,2015,Appartement,203000,72,2819,94071,48.77094,2.527167
2015-1108525,2015-11-09,2015,Appartement,150000,53,2830,94071,48.764642,2.512126
2015-1108542,2015-11-25,2015,Appartement,296160,105,2821,94071,48.766693,2.528216
2015-1108550,2015-11-19,2015,Appartement,114342,53,2157,94071,48.776279,2.522352
2015-1108571,2015-11-27,2015,Appartement,224000,76,2947,94071,48.769573,2.537343
2015-1108577,2015-11-30,2015,Appartement,170600,74,2305,94071,48.767259,2.528705
2015-1108580,2015-11-24,2015,Appartement,109940,48,2290,94071,48.767259,2.528705
2015-1108581,2015-12-18,2015,Appartement,104500,19,5500,94071,48.766586,2.508515
2015-1108582,2015-12-09,2015,Appartement,102000,20,5100,94071,48.769815,2.521868
2015-1108593,2015-11-27,2015,Maison,283750,80,3547,94071,48.756652,2.532434
2015-1108600,2015-12-18,2015,Appartement,150000,44,3409,94071,48.769565,2.509842
2015-1108618,2015-11-30,2015,Maison,410750,103,3988,94071,48.780171,2.514971
2015-1108679,2015-12-03,2015,Appartement,141000,64,2203,94071,48.785382,2.516611
2015-1108683,2015-12-21,2015,Maison,434750,195,2229,94071,48.763002,2.528091
2015-1108689,2015-12-14,2015,Maison,372000,91,4088,94071,48.77107,2.53801
2015-1108708,2015-12-23,2015,Maison,84045,75,1121,94071,48.774392,2.531109
2015-1108710,2015-12-28,2015,Maison,455000,127,3583,94071,48.771,2.511453
2015-1108734,2015-12-29,2015,Maison,305000,63,4841,94071,48.779424,2.515959
2015-1108782,2015-12-14,2015,Appartement,69260,30,2309,94071,48.767259,2.528705
2015-1108803,2015-12-29,2015,Maison,302000,94,3213,94071,48.772431,2.529142
2015-1108805,2015-12-17,2015,Maison,240000,60,4000,94071,48.756643,2.531361
2015-1108811,2015-12-22,2015,Appartement,119000,70,1700,94071,48.77511,2.529948
2015-1108818,2015-12-18,2015,Maison,308000,89,3461,94071,48.762211,2.527381
2015-1108840,2015-12-18,2015,Appartement,197000,62,3177,94071,48.770869,2.525041
2015-1108844,2015-12-14,2015,Appartement,168300,31,5429,94071,48.769461,2.521267
2015-1108861,2015-12-21,2015,Appartement,225000,72,3125,94071,48.77094,2.527167
2015-1108867,2015-12-21,2015,Appartement,174000,57,3053,94071,48.766693,2.528216
2015-1108900,2015-12-23,2015,Maison,245000,83,2952,94071,48.769674,2.516532
2015-1108902,2015-12-28,2015,Appartement,160000,84,1905,94071,48.774714,2.529237
2015-1108909,2015-12-23,2015,Maison,257000,79,3253,94071,48.764248,2.530782
2015-1108934,2015-12-07,2015,Maison,1174220,160,7339,94071,48.785773,2.517777
2016-1191782,2016-01-04,2016,Appartement,215000,72,2986,94071,48.77094,2.527167
2016-1191783,2016-01-08,2016,Maison,390000,116,3362,94071,48.762816,2.511283
2016-1191808,2016-01-20,2016,Appartement,215000,91,2363,94071,48.770869,2.525041
2016-1191816,2016-01-12,2016,Appartement,210000,41,5122,94071,48.775577,2.515369
2016-1191841,2016-01-08,2016,Appartement,110000,80,1375,94071,48.772228,2.530025
2016-1191848,2016-01-06,2016,Maison,324700,140,2319,94071,48.759083,2.548283
2016-1191857,2016-01-25,2016,Appartement,385000,65,5923,94071,48.778906,2.511153
2016-1191873,2016-01-14,2016,Maison,320000,105,3048,94071,48.77508,2.515974
2016-1191876,2016-01-14,2016,Appartement,212000,72,2944,94071,48.77094,2.527167
2016-1191888,2016-01-25,2016,Maison,585000,97,6031,94071,48.772931,2.516739
2016-1191907,2016-01-15,2016,Maison,312000,58,5379,94071,48.76368,2.519903
2016-1191919,2016-02-02,2016,Appartement,112000,54,2074,94071,48.77511,2.529948
2016-1191941,2016-01-14,2016,Maison,359000,108,3324,94071,48.771186,2.530792
2016-1191952,2016-01-13,2016,Appartement,68000,58,1172,94071,48.772577,2.525787
2016-1191963,2016-02-03,2016,Appartement,121000,34,3559,94071,48.77094,2.527167
2016-1191980,2016-01-25,2016,Appartement,122000,30,4067,94071,48.770869,2.525041
2016-1192000,2016-01-25,2016,Appartement,85000,61,1393,94071,48.77055,2.520944
2016-1192058,2016-01-22,2016,Appartement,149000,57,2614,94071,48.771842,2.520675
2016-1192075,2016-01-29,2016,Maison,408000,120,3400,94071,48.756387,2.529658
2016-1192091,2016-02-25,2016,Maison,437000,119,3672,94071,48.756426,2.536283
2016-1192127,2016-02-08,2016,Maison,398000,91,4374,94071,48.766273,2.522147
2016-1192141,2016-02-29,2016,Appartement,173000,60,2883,94071,48.770162,2.519446
2016-1192151,2016-02-22,2016,Maison,240000,42,5714,94071,48.763449,2.530704
2016-1192164,2016-02-09,2016,Appartement,202000,69,2928,94071,48.772402,2.510709
2016-1192173,2016-02-15,2016,Maison,323100,91,3551,94071,48.771482,2.535034
2016-1192184,2016-02-08,2016,Maison,200000,50,4000,94071,48.768883,2.527053
2016-1192200,2016-02-29,2016,Maison,320000,50,6400,94071,48.779073,2.519194
2016-1192244,2016-02-29,2016,Appartement,141000,56,2518,94071,48.77094,2.527167
2016-1192258,2016-02-19,2016,Appartement,226000,29,7793,94071,48.7695,2.521595
2016-1192310,2016-03-16,2016,Maison,340000,62,5484,94071,48.779874,2.515924
2016-1192313,2016-03-07,2016,Appartement,172000,60,2867,94071,48.770444,2.519929
2016-1192315,2016-03-04,2016,Maison,565000,140,4036,94071,48.765726,2.525705
2016-1192330,2016-03-07,2016,Maison,400000,95,4211,94071,48.765343,2.509466
2016-1192342,2016-03-09,2016,Maison,240000,55,4364,94071,48.77525,2.509717
2016-1192395,2016-03-04,2016,Appartement,152000,88,1727,94071,48.775918,2.522424
2016-1192407,2016-03-15,2016,Appartement,156300,70,2233,94071,48.774714,2.529237
2016-1192432,2016-03-07,2016,Maison,495000,153,3235,94071,48.779969,2.514618
2016-1192433,2016-03-09,2016,Appartement,135000,37,3649,94071,48.77009,2.508006
2016-1192448,2016-03-24,2016,Maison,295000,124,2379,94071,48.760581,2.527852
2016-1192461,2016-03-11,2016,Maison,447000,122,3664,94071,48.777293,2.51527
2016-1192464,2016-03-09,2016,Maison,395000,124,3185,94071,48.756661,2.552142
2016-1192465,2016-03-21,2016,Appartement,185000,50,3700,94071,48.759556,2.530434
2016-1192502,2016-03-22,2016,Maison,430610,130,3312,94071,48.76857,2.509529
2016-1192536,2016-03-15,2016,Appartement,263200,110,2393,94071,48.772498,2.518166
2016-1192542,2016-03-30,2016,Appartement,110000,29,3793,94071,48.769549,2.522133
2016-1192557,2016-03-18,2016,Maison,323500,120,2696,94071,48.756129,2.531708
2016-1192565,2016-03-18,2016,Maison,85000,90,944,94071,48.756404,2.537383
2016-1192577,2016-04-18,2016,Appartement,210000,80,2625,94071,48.785382,2.516611
2016-1192584,2016-03-24,2016,Appartement,228000,85,2682,94071,48.766693,2.528216
2016-1192599,2016-04-04,2016,Appartement,95000,31,3065,94071,48.77511,2.529948
2016-1192658,2016-04-04,2016,Maison,431000,70,6157,94071,48.776287,2.534722
2016-1192668,2016-04-08,2016,Maison,200000,83,2410,94071,48.779623,2.512234
2016-1192672,2016-04-13,2016,Maison,267000,84,3179,94071,48.776586,2.534121
2016-1192700,2016-04-22,2016,Maison,453350,126,3598,94071,48.766337,2.534747
2016-1192720,2016-04-25,2016,Appartement,176000,83,2120,94071,48.774714,2.529237
2016-1192725,2016-04-20,2016,Maison,513500,156,3292,94071,48.765477,2.51075
2016-1192751,2016-04-04,2016,Maison,271000,82,3305,94071,48.775998,2.509693
2016-1192752,2016-05-09,2016,Maison,467534,100,4675,94071,48.774974,2.511753
2016-1192757,2016-05-03,2016,Maison,175000,159,1101,94071,48.757367,2.528663
2016-1192764,2016-03-25,2016,Appartement,178000,67,2657,94071,48.770986,2.51008
2016-1192768,2016-04-13,2016,Appartement,130000,51,2549,94071,48.779618,2.510823
2016-1192808,2016-05-11,2016,Maison,394300,126,3129,94071,48.762339,2.531956
2016-1192817,2016-04-22,2016,Maison,340000,109,3119,94071,48.771482,2.535034
2016-1192823,2016-04-19,2016,Appartement,111130,47,2364,94071,48.767259,2.528705
2016-1192834,2016-05-12,2016,Maison,225000,72,3125,94071,48.775125,2.512787
2016-1192839,2016-05-03,2016,Maison,300000,84,3571,94071,48.755279,2.553133
2016-1192873,2016-05-04,2016,Maison,265800,54,4922,94071,48.766458,2.516821
2016-1192895,2016-05-04,2016,Maison,360000,73,4932,94071,48.760921,2.530648
2016-1192909,2016-04-29,2016,Appartement,222020,68,3265,94071,48.772577,2.525787
2016-1192931,2016-05-26,2016,Maison,332000,75,4427,94071,48.779118,2.521519
2016-1192952,2016-05-25,2016,Appartement,210000,83,2530,94071,48.785382,2.516611
2016-1192984,2016-05-02,2016,Appartement,234000,81,2889,94071,48.76737,2.533648
2016-1192987,2016-05-10,2016,Appartement,176000,56,3143,94071,48.77094,2.527167
2016-1192991,2016-05-12,2016,Maison,425000,164,2591,94071,48.769507,2.524545
2016-1192995,2016-05-09,2016,Maison,405000,107,3785,94071,48.770307,2.533286
2016-1193010,2016-05-09,2016,Maison,233000,72,3236,94071,48.764248,2.530782
2016-1193021,2016-06-01,2016,Appartement,210000,70,3000,94071,48.769243,2.510943
2016-1193030,2016-05-13,2016,Appartement,118000,29,4069,94071,48.767259,2.528705
2016-1193036,2016-05-26,2016,Maison,285000,70,4071,94071,48.757379,2.542897
2016-1193037,2016-05-20,2016,Maison,770000,189,4074,94071,48.754542,2.558261
2016-1193047,2016-05-24,2016,Appartement,155000,45,3444,94071,48.769549,2.522133
2016-1193063,2016-05-27,2016,Appartement,135000,64,2109,94071,48.785382,2.516611
2016-1193075,2016-06-10,2016,Maison,256500,64,4008,94071,48.7609,2.525651
2016-1193077,2016-06-10,2016,Maison,319000,56,5696,94071,48.772504,2.527705
2016-1193079,2016-06-10,2016,Appartement,260000,85,3059,94071,48.766693,2.528216
2016-1193083,2016-05-14,2016,Maison,206000,65,3169,94071,48.76326,2.526432
2016-1193095,2016-05-20,2016,Maison,335000,90,3722,94071,48.768403,2.511067
2016-1193109,2016-06-02,2016,Appartement,293000,105,2790,94071,48.77094,2.527167
2016-1193114,2016-06-15,2016,Appartement,310000,85,3647,94071,48.766693,2.528216
2016-1193134,2016-05-31,2016,Appartement,186000,58,3207,94071,48.772577,2.525787
2016-1193136,2016-05-25,2016,Appartement,119500,35,3414,94071,48.769815,2.521868
2016-1193139,2016-05-30,2016,Appartement,175000,83,2108,94071,48.774714,2.529237
2016-1193161,2016-06-10,2016,Appartement,195000,63,3095,94071,48.785382,2.516611
2016-1193177,2016-06-21,2016,Appartement,207000,67,3090,94071,48.770986,2.51008
2016-1193219,2016-06-08,2016,Maison,340000,135,2519,94071,48.772881,2.535472
2016-1193222,2016-05-25,2016,Maison,367000,110,3336,94071,48.756219,2.537704
2016-1193226,2016-06-14,2016,Appartement,205000,62,3306,94071,48.769573,2.537343
2016-1193245,2016-05-27,2016,Maison,305000,68,4485,94071,48.763915,2.511022
2016-1193248,2016-06-01,2016,Appartement,224000,69,3246,94071,48.770885,2.520508
2016-1193303,2016-06-30,2016,Maison,370000,82,4512,94071,48.758128,2.556185
2016-1193308,2016-06-10,2016,Maison,393000,117,3359,94071,48.775621,2.510211
2016-1193318,2016-06-09,2016,Appartement,163000,51,3196,94071,48.769573,2.537343
2016-1193324,2016-06-28,2016,Maison,69647,91,765,94071,48.770082,2.539557
2016-1193332,2016-06-15,2016,Maison,260000,78,3333,94071,48.762596,2.52766
2016-1193337,2016-06-28,2016,Maison,513000,137,3745,94071,48.762786,2.510468
2016-1193341,2016-06-22,2016,Maison,350000,83,4217,94071,48.756898,2.538991
2016-1193362,2016-06-14,2016,Appartement,225000,86,2616,94071,48.766693,2.528216
2016-1193396,2016-06-15,2016,Maison,333000,60,5550,94071,48.776132,2.517714
2016-1193403,2016-06-17,2016,Appartement,144000,70,2057,94071,48.774714,2.529237
2016-1193415,2016-06-24,2016,Appartement,95000,46,2065,94071,48.769549,2.522133
2016-1193430,2016-06-24,2016,Maison,395000,110,3591,94071,48.767401,2.536614
2016-1193437,2016-07-05,2016,Maison,375000,137,2737,94071,48.763359,2.529275
2016-1193451,2016-05-23,2016,Maison,360000,100,3600,94071,48.763264,2.524727
2016-1193453,2016-06-28,2016,Maison,550000,137,4015,94071,48.769692,2.511329
2016-1193469,2016-06-29,2016,Maison,435000,220,1977,94071,48.774951,2.531888
2016-1193498,2016-07-08,2016,Maison,415000,165,2515,94071,48.777426,2.513752
2016-1193517,2016-06-15,2016,Maison,482000,110,4382,94071,48.76521,2.511137
2016-1193570,2016-07-11,2016,Maison,395000,100,3950,94071,48.758168,2.52972
2016-1193571,2016-06-30,2016,Appartement,178000,46,3870,94071,48.769549,2.522133
2016-1193580,2016-07-13,2016,Appartement,260000,81,3210,94071,48.772498,2.518166
2016-1193589,2016-07-18,2016,Maison,435000,106,4104,94071,48.769236,2.525471
2016-1193593,2016-07-18,2016,Maison,607000,164,3701,94071,48.761896,2.527564
2016-1193595,2016-07-04,2016,Appartement,145000,67,2164,94071,48.770986,2.51008
2016-1193603,2016-06-29,2016,Maison,432000,156,2769,94071,48.757006,2.555
2016-1193615,2016-06-29,2016,Maison,487750,155,3147,94071,48.773947,2.534694
2016-1193647,2016-07-01,2016,Appartement,187000,67,2791,94071,48.770986,2.51008
2016-1193650,2016-07-08,2016,Appartement,148000,70,2114,94071,48.77511,2.529948
2016-1193653,2016-06-29,2016,Appartement,71790,30,2393,94071,48.767259,2.528705
2016-1193666,2016-07-20,2016,Maison,280000,50,5600,94071,48.764676,2.516491
2016-1193676,2016-07-01,2016,Appartement,102500,73,1404,94071,48.775918,2.522424
2016-1193677,2016-07-11,2016,Appartement,134958,60,2249,94071,48.767259,2.528705
2016-1193696,2016-07-08,2016,Appartement,70000,63,1111,94071,48.785382,2.516611
2016-1193700,2016-07-25,2016,Appartement,150000,46,3261,94071,48.769549,2.522133
2016-1193720,2016-07-25,2016,Appartement,150000,51,2941,94071,48.770869,2.525041
2016-1193752,2016-07-13,2016,Maison,318000,87,3655,94071,48.778632,2.51987
2016-1193759,2016-07-18,2016,Maison,418000,90,4644,94071,48.763073,2.530061
2016-1193762,2016-07-11,2016,Maison,152000,140,1086,94071,48.755726,2.542857
2016-1193764,2016-07-18,2016,Maison,710880,160,4443,94071,48.767867,2.525576
2016-1193789,2016-07-27,2016,Appartement,162000,58,2793,94071,48.772577,2.525787
2016-1193796,2016-06-30,2016,Maison,375000,44,8523,94071,48.771759,2.510273
2016-1193798,2016-06-30,2016,Maison,970000,131,7405,94071,48.771759,2.510273
2016-1193800,2016-07-19,2016,Maison,340000,70,4857,94071,48.770311,2.520548
2016-1193806,2016-07-07,2016,Maison,250000,72,3472,94071,48.759073,2.548061
2016-1193809,2016-07-29,2016,Maison,350000,108,3241,94071,48.780438,2.517476
2016-1193822,2016-07-26,2016,Appartement,320000,103,3107,94071,48.770885,2.520508
2016-1193833,2016-08-02,2016,Appartement,257000,85,3024,94071,48.766693,2.528216
2016-1193837,2016-06-30,2016,Maison,582500,145,4017,94071,48.77315,2.508123
2016-1193879,2016-08-04,2016,Maison,292000,56,5214,94071,48.760892,2.524964
2016-1193890,2016-08-05,2016,Appartement,244000,101,2416,94071,48.785382,2.516611
2016-1193904,2016-07-26,2016,Appartement,108714,47,2313,94071,48.767259,2.528705
2016-1193961,2016-06-30,2016,Appartement,178000,58,3069,94071,48.772577,2.525787
2016-1193976,2016-07-20,2016,Maison,263000,76,3461,94071,48.760627,2.548237
2016-1194000,2016-07-28,2016,Maison,490595,126,3894,94071,48.764788,2.51409
2016-1194011,2016-07-29,2016,Maison,326000,70,4657,94071,48.756322,2.537297
2016-1194029,2016-08-09,2016,Maison,407000,141,2887,94071,48.771482,2.535034
2016-1194039,2016-07-20,2016,Maison,215000,20,10750,94071,48.757147,2.52947
2016-1194062,2016-08-04,2016,Maison,280000,56,5000,94071,48.775588,2.513825
2016-1194084,2016-08-11,2016,Maison,402000,84,4786,94071,48.77861,2.520839
2016-1194095,2016-08-24,2016,Appartement,195000,58,3362,94071,48.772577,2.525787
2016-1194098,2016-08-12,2016,Maison,364600,89,4097,94071,48.768478,2.536266
2016-1194099,2016-08-09,2016,Maison,475000,147,3231,94071,48.77533,2.517507
2016-1194128,2016-08-30,2016,Appartement,110000,21,5238,94071,48.771708,2.511008
2016-1194129,2016-08-30,2016,Maison,388000,136,2853,94071,48.777141,2.51958
2016-1194155,2016-08-31,2016,Maison,300000,33,9091,94071,48.780534,2.513971
2016-1194158,2016-08-02,2016,Maison,325000,66,4924,94071,48.764248,2.530782
2016-1194168,2016-08-31,2016,Maison,345000,87,3966,94071,48.769482,2.510146
2016-1194177,2016-08-26,2016,Appartement,237000,59,4017,94071,48.770302,2.522662
2016-1194183,2016-08-22,2016,Maison,365000,87,4195,94071,48.75968,2.546707
2016-1194207,2016-09-07,2016,Maison,532000,151,3523,94071,48.779092,2.51898
2016-1194210,2016-09-07,2016,Appartement,185000,57,3246,94071,48.769759,2.508438
2016-1194216,2016-08-12,2016,Maison,300000,69,4348,94071,48.780272,2.517981
2016-1194249,2016-09-09,2016,Maison,398000,132,3015,94071,48.76595,2.536213
2016-1194267,2016-08-23,2016,Appartement,200000,67,2985,94071,48.770986,2.51008
2016-1194270,2016-08-31,2016,Maison,425000,159,2673,94071,48.762523,2.534193
2016-1194272,2016-09-12,2016,Maison,417000,117,3564,94071,48.756022,2.540923
2016-1194283,2016-08-29,2016,Maison,439000,46,9543,94071,48.778917,2.517425
2016-1194287,2016-08-24,2016,Appartement,140000,45,3111,94071,48.768856,2.524035
2016-1194309,2016-09-15,2016,Maison,348600,119,2929,94071,48.762465,2.536848
2016-1194312,2016-09-12,2016,Appartement,140000,46,3043,94071,48.769549,2.522133
2016-1194322,2016-09-19,2016,Appartement,196500,69,2848,94071,48.771842,2.520675
2016-1194323,2016-09-20,2016,Maison,650000,180,3611,94071,48.767858,2.512427
2016-1194326,2016-09-19,2016,Appartement,150000,47,3191,94071,48.77055,2.520944
2016-1194329,2016-09-19,2016,Maison,677000,170,3982,94071,48.767859,2.509366
2016-1194333,2016-08-26,2016,Maison,350000,102,3431,94071,48.76344,2.533473
2016-1194340,2016-09-14,2016,Maison,355000,99,3586,94071,48.773023,2.51103
2016-1194363,2016-08-29,2016,Appartement,225000,70,3214,94071,48.769243,2.510943
2016-1194385,2016-09-21,2016,Maison,300000,129,2326,94071,48.756601,2.528096
2016-1194388,2016-08-31,2016,Maison,215000,45,4778,94071,48.761855,2.528801
2016-1194389,2016-08-29,2016,Appartement,137484,60,2291,94071,48.767259,2.528705
2016-1194407,2016-09-05,2016,Maison,350000,70,5000,94071,48.763289,2.53164
2016-1194415,2016-09-23,2016,Appartement,168500,45,3744,94071,48.763299,2.519804
2016-1194417,2016-09-23,2016,Maison,276000,87,3172,94071,48.760429,2.550978
2016-1194434,2016-09-27,2016,Maison,420000,136,3088,94071,48.766597,2.535923
2016-1194439,2016-09-09,2016,Maison,378300,116,3261,94071,48.762534,2.510271
2016-1194447,2016-09-02,2016,Maison,394000,106,3717,94071,48.776827,2.510097
2016-1194456,2016-09-02,2016,Maison,500000,170,2941,94071,48.767566,2.527799
2016-1194460,2016-09-28,2016,Maison,320000,94,3404,94071,48.773626,2.53117
2016-1194466,2016-09-29,2016,Appartement,230000,72,3194,94071,48.77094,2.527167
2016-1194469,2016-09-22,2016,Maison,315000,91,3462,94071,48.768676,2.518687
2016-1194475,2016-09-30,2016,Maison,380000,89,4270,94071,48.768514,2.536704
2016-1194485,2016-09-16,2016,Maison,650000,194,3351,94071,48.755559,2.559166
2016-1194486,2016-09-06,2016,Maison,195000,65,3000,94071,48.780727,2.514948
2016-1194501,2016-09-19,2016,Appartement,235000,68,3456,94071,48.772577,2.525787
2016-1194539,2016-09-22,2016,Maison,681976,186,3667,94071,48.762845,2.512471
2016-1194552,2016-10-04,2016,Appartement,170000,55,3091,94071,48.770885,2.520508
2016-1194602,2016-09-16,2016,Maison,540000,130,4154,94071,48.768918,2.510002
2016-1194603,2016-09-15,2016,Appartement,70272,58,1212,94071,48.772577,2.525787
2016-1194604,2016-09-14,2016,Maison,400000,53,7547,94071,48.769958,2.512384
2016-1194608,2016-10-03,2016,Appartement,259000,101,2564,94071,48.785382,2.516611
2016-1194620,2016-09-16,2016,Maison,290000,67,4328,94071,48.764248,2.530782
2016-1194625,2016-10-12,2016,Appartement,154000,70,2200,94071,48.774714,2.529237
2016-1194630,2016-10-05,2016,Appartement,147000,70,2100,94071,48.77511,2.529948
2016-1194634,2016-09-20,2016,Maison,305300,47,6496,94071,48.77403,2.531356
2016-1194654,2016-10-14,2016,Appartement,162000,51,3176,94071,48.779618,2.510823
2016-1194678,2016-10-04,2016,Appartement,177000,65,2723,94071,48.771842,2.520675
2016-1194712,2016-09-26,2016,Appartement,100000,29,3448,94071,48.772124,2.508643
2016-1194714,2016-09-30,2016,Maison,715000,148,4831,94071,48.767606,2.511606
2016-1194726,2016-10-11,2016,Appartement,38000,27,1407,94071,48.775725,2.5317
2016-1194727,2016-09-27,2016,Appartement,67881,30,2263,94071,48.767259,2.528705
2016-1194731,2016-09-27,2016,Maison,572500,195,2936,94071,48.764416,2.520542
2016-1194767,2016-10-04,2016,Appartement,210000,74,2838,94071,48.767259,2.528705
2016-1194794,2016-10-03,2016,Maison,525000,116,4526,94071,48.770134,2.514441
2016-1194805,2016-10-07,2016,Appartement,221000,72,3069,94071,48.77094,2.527167
2016-1194809,2016-10-27,2016,Maison,295000,107,2757,94071,48.75953,2.548269
2016-1194811,2016-10-04,2016,Maison,418000,125,3344,94071,48.757008,2.55372
2016-1194815,2016-10-19,2016,Appartement,165549,72,2299,94071,48.767259,2.528705
2016-1194827,2016-10-13,2016,Maison,420000,102,4118,94071,48.774449,2.516844
2016-1194836,2016-10-20,2016,Maison,365000,52,7019,94071,48.768287,2.522396
2016-1194855,2016-10-20,2016,Appartement,128000,81,1580,94071,48.77511,2.529948
2016-1194897,2016-10-25,2016,Maison,580000,181,3204,94071,48.764566,2.528293
2016-1194939,2016-10-27,2016,Maison,259200,65,3988,94071,48.764149,2.529942
2016-1194940,2016-10-21,2016,Maison,602000,148,4068,94071,48.767609,2.510313
2016-1194965,2016-10-21,2016,Maison,335000,91,3681,94071,48.76935,2.520984
2016-1194972,2016-10-20,2016,Appartement,258000,84,3071,94071,48.766693,2.528216
2016-1194995,2016-10-26,2016,Appartement,157500,46,3424,94071,48.779618,2.510823
2016-1195000,2016-10-28,2016,Appartement,230000,60,3833,94071,48.759556,2.530434
2016-1195014,2016-10-20,2016,Appartement,147000,33,4455,94071,48.775577,2.515369
2016-1195023,2016-11-14,2016,Maison,499150,138,3617,94071,48.768151,2.527679
2016-1195053,2016-10-28,2016,Maison,345000,110,3136,94071,48.77311,2.535339
2016-1195093,2016-11-28,2016,Appartement,151620,70,2166,94071,48.776279,2.522352
2016-1195094,2016-11-03,2016,Appartement,167000,48,3479,94071,48.769957,2.520669
2016-1195095,2016-11-25,2016,Maison,271000,56,4839,94071,48.760067,2.546728
2016-1195106,2016-11-22,2016,Appartement,295000,76,3882,94071,48.773025,2.50975
2016-1195111,2016-11-25,2016,Appartement,230300,51,4516,94071,48.769622,2.520774
2016-1195124,2016-11-09,2016,Maison,285000,104,2740,94071,48.775549,2.508719
2016-1195129,2016-11-07,2016,Appartement,135000,55,2455,94071,48.77511,2.529948
2016-1195130,2016-11-07,2016,Appartement,245000,86,2849,94071,48.766693,2.528216
2016-1195141,2016-11-09,2016,Appartement,240000,49,4898,94071,48.773707,2.509821
2016-1195142,2016-11-16,2016,Appartement,153000,51,3000,94071,48.770869,2.525041
2016-1195150,2016-11-29,2016,Maison,510000,124,4113,94071,48.778445,2.515635
2016-1195159,2016-11-23,2016,Maison,270000,145,1862,94071,48.764667,2.53208
2016-1195201,2016-12-07,2016,Maison,280000,62,4516,94071,48.756391,2.533595
2016-1195219,2016-12-09,2016,Appartement,264487,80,3306,94071,48.766792,2.532928
2016-1195227,2016-12-02,2016,Appartement,205000,83,2470,94071,48.785382,2.516611
2016-1195279,2016-12-16,2016,Appartement,199000,83,2398,94071,48.774714,2.529237
2016-1195292,2016-11-24,2016,Maison,220000,45,4889,94071,48.764248,2.530782
2016-1195314,2016-12-16,2016,Appartement,195000,62,3145,94071,48.770869,2.525041
2016-1195345,2016-12-09,2016,Appartement,67594,29,2331,94071,48.767259,2.528705
2016-1195388,2016-12-16,2016,Maison,586450,180,3258,94071,48.763541,2.514111
2016-1195389,2016-12-09,2016,Appartement,130000,34,3824,94071,48.768975,2.521782
2016-1195414,2016-12-22,2016,Appartement,232000,83,2795,94071,48.785382,2.516611
2016-1195489,2016-12-23,2016,Appartement,111598,47,2374,94071,48.767259,2.528705
2016-1195497,2016-12-14,2016,Appartement,143000,28,5107,94071,48.768975,2.521782
2016-1195507,2016-12-21,2016,Maison,175000,99,1768,94071,48.762628,2.536894
2016-1195510,2016-12-28,2016,Appartement,138086,61,2264,94071,48.767259,2.528705
2016-1195518,2016-12-16,2016,Appartement,139000,55,2527,94071,48.77511,2.529948
2016-1195551,2016-12-30,2016,Appartement,143722,61,2356,94071,48.767259,2.528705
2016-1195559,2016-12-23,2016,Maison,732400,193,3795,94071,48.779301,2.518541
2016-1195591,2016-12-16,2016,Maison,440000,125,3520,94071,48.758974,2.555281
2016-1195595,2016-12-13,2016,Maison,850000,176,4830,94071,48.766892,2.521263
2016-1195633,2016-12-21,2016,Maison,372000,131,2840,94071,48.757589,2.55399
2016-1195711,2016-12-28,2016,Maison,200000,115,1739,94071,48.758687,2.553113
2016-1195721,2016-12-30,2016,Appartement,158000,70,2257,94071,48.774714,2.529237
2016-1195731,2016-12-28,2016,Maison,410000,105,3905,94071,48.768363,2.526369
2016-1195761,2016-01-21,2016,Maison,250000,50,5000,94071,48.76476,2.533951
2017-1353807,2017-01-13,2017,Appartement,135000,46,2935,94071,48.769549,2.522133
2017-1353810,2017-01-20,2017,Appartement,135000,70,1929,94071,48.776279,2.522352
2017-1353824,2017-01-24,2017,Appartement,140000,42,3333,94071,48.770869,2.525041
2017-1353829,2017-01-10,2017,Maison,580000,190,3053,94071,48.773601,2.512668
2017-1353832,2017-01-23,2017,Maison,315000,85,3706,94071,48.779781,2.512667
2017-1353834,2017-01-25,2017,Appartement,197000,67,2940,94071,48.779618,2.510823
2017-1353860,2017-01-27,2017,Maison,295000,70,4214,94071,48.760522,2.528663
2017-1353882,2017-01-27,2017,Appartement,192000,67,2866,94071,48.770986,2.51008
2017-1353927,2017-01-27,2017,Appartement,415000,85,4882,94071,48.775831,2.51523
2017-1353955,2017-02-06,2017,Appartement,180000,80,2250,94071,48.77055,2.520944
2017-1353977,2017-01-16,2017,Appartement,108400,29,3738,94071,48.769549,2.522133
2017-1354009,2017-01-16,2017,Maison,335000,86,3895,94071,48.767463,2.538161
2017-1354013,2017-01-30,2017,Maison,525000,125,4200,94071,48.778397,2.51914
2017-1354054,2017-02-15,2017,Appartement,238500,68,3507,94071,48.772577,2.525787
2017-1354078,2017-02-10,2017,Maison,355000,102,3480,94071,48.758265,2.52952
2017-1354079,2017-01-31,2017,Appartement,140466,60,2341,94071,48.767259,2.528705
2017-1354093,2017-02-21,2017,Maison,415000,109,3807,94071,48.77218,2.53453
2017-1354102,2017-01-31,2017,Maison,355000,94,3777,94071,48.75695,2.549601
2017-1354121,2017-01-30,2017,Maison,1100000,106,10377,94071,48.77937,2.511373
2017-1354130,2017-01-30,2017,Appartement,141356,58,2437,94071,48.77511,2.529948
2017-1354144,2017-02-01,2017,Maison,147500,137,1077,94071,48.760426,2.549039
2017-1354172,2017-02-27,2017,Maison,368000,77,4779,94071,48.765149,2.525902
2017-1354208,2017-02-03,2017,Appartement,153333,45,3407,94071,48.769549,2.522133
2017-1354228,2017-02-08,2017,Maison,420000,136,3088,94071,48.761129,2.523752
2017-1354236,2017-02-27,2017,Maison,290000,60,4833,94071,48.76684,2.522713
2017-1354249,2017-03-03,2017,Maison,364000,103,3534,94071,48.75711,2.549692
2017-1354258,2017-03-03,2017,Maison,370000,169,2189,94071,48.774789,2.515642
2017-1354275,2017-02-09,2017,Appartement,95000,19,5000,94071,48.769957,2.520669
2017-1354284,2017-03-02,2017,Appartement,216000,67,3224,94071,48.770986,2.51008
2017-1354293,2017-02-22,2017,Appartement,284000,76,3737,94071,48.769573,2.537343
2017-1354295,2017-02-22,2017,Maison,420000,95,4421,94071,48.779927,2.51987
2017-1354305,2017-02-13,2017,Maison,300000,120,2500,94071,48.766977,2.522747
2017-1354306,2017-02-27,2017,Appartement,210000,72,2917,94071,48.77094,2.527167
2017-1354330,2017-02-27,2017,Maison,156426,109,1435,94071,48.776987,2.519839
2017-1354352,2017-02-22,2017,Appartement,148000,51,2902,94071,48.770869,2.525041
2017-1354371,2017-02-27,2017,Maison,360000,110,3273,94071,48.762944,2.525669
2017-1354405,2017-02-27,2017,Appartement,125000,53,2358,94071,48.776279,2.522352
2017-1354411,2017-02-27,2017,Appartement,210000,72,2917,94071,48.77094,2.527167
2017-1354418,2017-02-27,2017,Maison,384400,110,3495,94071,48.773593,2.534142
2017-1354421,2017-02-24,2017,Maison,542000,69,7855,94071,48.773649,2.50964
2017-1354433,2017-02-27,2017,Maison,362390,149,2432,94071,48.756477,2.531847
2017-1354435,2017-03-10,2017,Appartement,136500,70,1950,94071,48.77511,2.529948
2017-1354450,2017-03-02,2017,Maison,279500,79,3538,94071,48.763538,2.533401
2017-1354457,2017-03-03,2017,Maison,388000,140,2771,94071,48.755726,2.542857
2017-1354466,2017-03-17,2017,Maison,295000,93,3172,94071,48.763802,2.524208
2017-1354470,2017-03-14,2017,Appartement,225000,72,3125,94071,48.77094,2.527167
2017-1354481,2017-03-22,2017,Maison,220000,31,7097,94071,48.768692,2.52752
2017-1354484,2017-03-23,2017,Maison,380000,70,5429,94071,48.77335,2.530658
2017-1354485,2017-03-16,2017,Maison,335000,122,2746,94071,48.76298,2.537923
2017-1354493,2017-03-22,2017,Maison,172500,109,1583,94071,48.77289,2.526924
2017-1354494,2017-03-22,2017,Appartement,101000,35,2886,94071,48.762648,2.534506
2017-1354496,2017-03-21,2017,Appartement,265000,89,2978,94071,48.767259,2.528705
2017-1354499,2017-02-28,2017,Maison,437000,201,2174,94071,48.755423,2.53684
2017-1354503,2017-03-07,2017,Appartement,153000,51,3000,94071,48.769573,2.537343
2017-1354511,2017-03-02,2017,Maison,215000,53,4057,94071,48.766458,2.516821
2017-1354529,2017-03-27,2017,Maison,112000,81,1383,94071,48.773474,2.514175
2017-1354570,2017-03-23,2017,Appartement,181000,58,3121,94071,48.772577,2.525787
2017-1354588,2017-03-29,2017,Appartement,125500,32,3922,94071,48.769549,2.522133
2017-1354591,2017-03-13,2017,Appartement,108000,31,3484,94071,48.76737,2.533648
2017-1354592,2017-03-13,2017,Appartement,165000,38,4342,94071,48.770302,2.522662
2017-1354600,2017-03-28,2017,Appartement,318600,94,3389,94071,48.769422,2.520274
2017-1354625,2017-03-29,2017,Appartement,157060,70,2244,94071,48.774714,2.529237
2017-1354658,2017-04-07,2017,Maison,688900,166,4150,94071,48.766701,2.512149
2017-1354661,2017-04-06,2017,Maison,350000,80,4375,94071,48.758493,2.551697
2017-1354694,2017-03-23,2017,Appartement,106540,47,2267,94071,48.767259,2.528705
2017-1354697,2017-03-21,2017,Appartement,106994,47,2276,94071,48.767259,2.528705
2017-1354715,2017-03-13,2017,Maison,220000,70,3143,94071,48.759436,2.550289
2017-1354720,2017-03-31,2017,Appartement,309500,101,3064,94071,48.785382,2.516611
2017-1354736,2017-04-13,2017,Maison,465000,130,3577,94071,48.761943,2.528784
2017-1354743,2017-04-10,2017,Appartement,174300,62,2811,94071,48.770869,2.525041
2017-1354748,2017-04-14,2017,Appartement,165000,43,3837,94071,48.769549,2.522133
2017-1354752,2017-03-31,2017,Maison,385000,99,3889,94071,48.762903,2.50926
2017-1354768,2017-03-23,2017,Appartement,185000,83,2229,94071,48.774714,2.529237
2017-1354779,2017-03-24,2017,Maison,492890,122,4040,94071,48.77355,2.508659
2017-1354784,2017-03-31,2017,Maison,280000,81,3457,94071,48.767488,2.537384
2017-1354801,2017-03-17,2017,Maison,382000,125,3056,94071,48.76057,2.554074
2017-1354803,2017-04-11,2017,Maison,420000,100,4200,94071,48.762197,2.529997
2017-1354811,2017-04-04,2017,Maison,300000,110,2727,94071,48.759125,2.552945
2017-1354816,2017-04-13,2017,Maison,300000,72,4167,94071,48.759073,2.548061
2017-1354820,2017-04-06,2017,Appartement,157000,62,2532,94071,48.785382,2.516611
2017-1354821,2017-04-20,2017,Appartement,166000,38,4368,94071,48.769403,2.534846
2017-1354839,2017-03-29,2017,Appartement,210000,81,2593,94071,48.770986,2.51008
2017-1354863,2017-03-31,2017,Maison,220000,39,5641,94071,48.780153,2.513883
2017-1354874,2017-04-03,2017,Maison,369500,140,2639,94071,48.756823,2.540098
2017-1354889,2017-04-05,2017,Maison,215000,31,6935,94071,48.779574,2.519825
2017-1354910,2017-05-02,2017,Appartement,170000,39,4359,94071,48.773068,2.521966
2017-1354939,2017-04-07,2017,Maison,345000,110,3136,94071,48.757726,2.541079
2017-1354964,2017-04-07,2017,Maison,148580,72,2064,94071,48.772111,2.509225
2017-1354976,2017-04-20,2017,Maison,374000,95,3937,94071,48.77917,2.518845
2017-1354982,2017-04-11,2017,Maison,410000,138,2971,94071,48.770537,2.511857
2017-1354988,2017-04-14,2017,Maison,430000,156,2756,94071,48.766349,2.536065
2017-1355012,2017-04-26,2017,Appartement,94000,23,4087,94071,48.769422,2.520274
2017-1355013,2017-05-05,2017,Appartement,120000,30,4000,94071,48.769549,2.522133
2017-1355029,2017-04-21,2017,Appartement,305000,85,3588,94071,48.76737,2.533648
2017-1355050,2017-05-15,2017,Maison,410000,73,5616,94071,48.771665,2.512937
2017-1355060,2017-04-27,2017,Maison,280000,70,4000,94071,48.770221,2.509274
2017-1355070,2017-04-27,2017,Appartement,283000,101,2802,94071,48.785382,2.516611
2017-1355082,2017-05-17,2017,Maison,390000,110,3545,94071,48.766447,2.536236
2017-1355090,2017-05-12,2017,Appartement,180000,73,2466,94071,48.766693,2.528216
2017-1355099,2017-05-16,2017,Maison,255000,103,2476,94071,48.756353,2.52744
2017-1355111,2017-04-21,2017,Maison,275000,76,3618,94071,48.755869,2.529838
2017-1355131,2017-04-14,2017,Appartement,163400,48,3404,94071,48.766792,2.532928
2017-1355159,2017-05-09,2017,Appartement,188000,68,2765,94071,48.772577,2.525787
2017-1355182,2017-04-27,2017,Maison,295000,85,3471,94071,48.76193,2.52419
2017-1355210,2017-05-04,2017,Maison,620000,140,4429,94071,48.766524,2.512634
2017-1355213,2017-05-05,2017,Maison,292000,88,3318,94071,48.755509,2.532379
2017-1355231,2017-04-13,2017,Maison,375000,136,2757,94071,48.765864,2.535387
2017-1355237,2017-05-15,2017,Appartement,169000,63,2683,94071,48.767259,2.528705
2017-1355288,2017-05-19,2017,Maison,296000,77,3844,94071,48.75717,2.550011
2017-1355316,2017-05-24,2017,Appartement,115000,51,2255,94071,48.779618,2.510823
2017-1355333,2017-05-12,2017,Maison,702000,154,4558,94071,48.773614,2.516772
2017-1355361,2017-05-17,2017,Appartement,104000,58,1793,94071,48.77511,2.529948
2017-1355406,2017-05-24,2017,Maison,453000,178,2545,94071,48.77218,2.53453
2017-1355412,2017-06-01,2017,Maison,443000,86,5151,94071,48.76565,2.513626
2017-1355418,2017-06-15,2017,Maison,618000,113,5469,94071,48.767322,2.510714
2017-1355436,2017-06-14,2017,Appartement,133000,70,1900,94071,48.77511,2.529948
2017-1355440,2017-06-09,2017,Appartement,170000,42,4048,94071,48.770869,2.525041
2017-1355453,2017-06-12,2017,Appartement,210000,70,3000,94071,48.759742,2.547163
2017-1355455,2017-05-30,2017,Maison,410000,141,2908,94071,48.757133,2.538161
2017-1355458,2017-06-20,2017,Maison,450000,104,4327,94071,48.779083,2.514257
2017-1355472,2017-06-14,2017,Appartement,137600,52,2646,94071,48.764642,2.512126
2017-1355473,2017-06-15,2017,Maison,440000,100,4400,94071,48.772163,2.536841
2017-1355486,2017-06-05,2017,Maison,262000,40,6550,94071,48.757362,2.527802
2017-1355497,2017-06-19,2017,Appartement,127000,70,1814,94071,48.77511,2.529948
2017-1355498,2017-06-19,2017,Maison,456000,119,3832,94071,48.760101,2.551433
2017-1355505,2017-06-21,2017,Maison,235000,33,7121,94071,48.763333,2.533354
2017-1355515,2017-06-09,2017,Maison,550000,58,9483,94071,48.763738,2.528553
2017-1355521,2017-06-16,2017,Appartement,134000,72,1861,94071,48.774714,2.529237
2017-1355542,2017-06-26,2017,Maison,677000,168,4030,94071,48.767084,2.521795
2017-1355544,2017-05-22,2017,Maison,250000,56,4464,94071,48.76612,2.516111
2017-1355549,2017-06-22,2017,Maison,510000,155,3290,94071,48.775214,2.535183
2017-1355550,2017-06-02,2017,Appartement,222500,68,3272,94071,48.772577,2.525787
2017-1355577,2017-06-14,2017,Maison,210000,59,3559,94071,48.776761,2.511672
2017-1355583,2017-06-06,2017,Appartement,225000,100,2250,94071,48.758387,2.554184
2017-1355584,2017-06-06,2017,Appartement,213000,100,2130,94071,48.758387,2.554184
2017-1355588,2017-06-06,2017,Maison,457000,64,7141,94071,48.769533,2.516079
2017-1355611,2017-06-13,2017,Appartement,220000,45,4889,94071,48.769247,2.523063
2017-1355615,2017-06-30,2017,Appartement,292600,101,2897,94071,48.785382,2.516611
2017-1355629,2017-06-26,2017,Appartement,495000,131,3779,94071,48.771708,2.511008
2017-1355644,2017-06-13,2017,Maison,512000,138,3710,94071,48.759004,2.528876
2017-1355655,2017-06-30,2017,Maison,617000,186,3317,94071,48.777689,2.515452
2017-1355692,2017-06-29,2017,Maison,344100,73,4714,94071,48.763883,2.525301
2017-1355695,2017-06-30,2017,Appartement,145000,40,3625,94071,48.773579,2.510946
2017-1355696,2017-07-05,2017,Appartement,133000,53,2509,94071,48.776279,2.522352
2017-1355703,2017-06-15,2017,Appartement,238000,83,2867,94071,48.775364,2.512766
2017-1355717,2017-06-30,2017,Maison,752000,234,3214,94071,48.765695,2.511702
2017-1355753,2017-06-23,2017,Appartement,164500,90,1828,94071,48.774714,2.529237
2017-1355765,2017-07-11,2017,Maison,424790,91,4668,94071,48.772824,2.536421
2017-1355783,2017-06-16,2017,Appartement,275000,81,3395,94071,48.76737,2.533648
2017-1355803,2017-06-15,2017,Maison,334505,110,3041,94071,48.760138,2.530364
2017-1355816,2017-07-12,2017,Appartement,210000,58,3621,94071,48.772577,2.525787
2017-1355830,2017-07-12,2017,Maison,585000,101,5792,94071,48.766574,2.511158
2017-1355837,2017-07-06,2017,Appartement,217000,83,2614,94071,48.785382,2.516611
2017-1355841,2017-06-30,2017,Maison,405000,147,2755,94071,48.773426,2.535172
2017-1355856,2017-06-23,2017,Appartement,158000,70,2257,94071,48.774714,2.529237
2017-1355871,2017-07-12,2017,Maison,568000,120,4733,94071,48.769303,2.521515
2017-1355873,2017-07-12,2017,Appartement,234000,68,3441,94071,48.772577,2.525787
2017-1355880,2017-07-10,2017,Maison,720000,72,10000,94071,48.772256,2.511441
2017-1355896,2017-07-10,2017,Maison,434800,108,4026,94071,48.770696,2.532875
2017-1355917,2017-07-07,2017,Appartement,182000,69,2638,94071,48.77347,2.51847
2017-1355941,2017-07-21,2017,Maison,470000,124,3790,94071,48.769675,2.515078
2017-1355953,2017-07-12,2017,Maison,310000,137,2263,94071,48.778408,2.511123
2017-1355958,2017-07-19,2017,Appartement,250000,74,3378,94071,48.759647,2.553226
2017-1355995,2017-07-21,2017,Appartement,124000,81,1531,94071,48.77511,2.529948
2017-1356024,2017-07-20,2017,Appartement,110000,53,2075,94071,48.776279,2.522352
2017-1356039,2017-06-28,2017,Appartement,248200,91,2727,94071,48.770869,2.525041
2017-1356110,2017-07-03,2017,Maison,752000,175,4297,94071,48.772646,2.514009
2017-1356136,2017-07-24,2017,Appartement,228000,73,3123,94071,48.773068,2.521966
2017-1356177,2017-07-25,2017,Maison,335000,78,4295,94071,48.770559,2.505785
2017-1356182,2017-07-12,2017,Appartement,362000,90,4022,94071,48.771708,2.511008
2017-1356197,2017-07-04,2017,Maison,482000,133,3624,94071,48.762374,2.531773
2017-1356200,2017-07-31,2017,Maison,410862,94,4371,94071,48.780421,2.513336
2017-1356290,2017-07-27,2017,Maison,398100,72,5529,94071,48.756503,2.532924
2017-1356301,2017-07-13,2017,Appartement,160000,69,2319,94071,48.77347,2.51847
2017-1356328,2017-07-10,2017,Maison,277000,70,3957,94071,48.773412,2.529226
2017-1356335,2017-07-10,2017,Appartement,170000,83,2048,94071,48.774714,2.529237
2017-1356381,2017-07-24,2017,Maison,320000,100,3200,94071,48.780585,2.51799
2017-1356397,2017-08-09,2017,Maison,345000,155,2226,94071,48.754683,2.537434
2017-1356405,2017-07-21,2017,Appartement,165000,42,3929,94071,48.770869,2.525041
2017-1356426,2017-08-01,2017,Maison,420000,88,4773,94071,48.765884,2.51688
2017-1356432,2017-07-31,2017,Maison,470000,105,4476,94071,48.763036,2.515454
2017-1356437,2017-08-11,2017,Appartement,245000,72,3403,94071,48.77094,2.527167
2017-1356438,2017-07-28,2017,Maison,913400,181,5046,94071,48.756745,2.555299
2017-1356442,2017-07-27,2017,Appartement,175000,56,3125,94071,48.77094,2.527167
2017-1356471,2017-07-28,2017,Maison,400000,124,3226,94071,48.761421,2.531031
2017-1356476,2017-07-26,2017,Maison,941400,197,4779,94071,48.768382,2.509195
2017-1356536,2017-07-31,2017,Appartement,143144,61,2347,94071,48.767259,2.528705
2017-1356551,2017-08-01,2017,Maison,630000,144,4375,94071,48.770086,2.513629
2017-1356571,2017-08-30,2017,Appartement,122500,36,3403,94071,48.769549,2.522133
2017-1356572,2017-08-07,2017,Appartement,167000,80,2088,94071,48.77511,2.529948
2017-1356573,2017-08-30,2017,Maison,571070,166,3440,94071,48.757014,2.559422
2017-1356575,2017-08-25,2017,Maison,388000,119,3261,94071,48.756843,2.531329
2017-1356577,2017-08-21,2017,Maison,485000,112,4330,94071,48.775937,2.510574
2017-1356616,2017-08-21,2017,Appartement,143500,72,1993,94071,48.77511,2.529948
2017-1356618,2017-08-21,2017,Maison,485000,130,3731,94071,48.778307,2.520487
2017-1356652,2017-08-29,2017,Appartement,141000,55,2564,94071,48.77511,2.529948
2017-1356679,2017-08-17,2017,Appartement,125000,53,2358,94071,48.77511,2.529948
2017-1356686,2017-09-08,2017,Maison,835000,204,4093,94071,48.772358,2.532685
2017-1356688,2017-09-01,2017,Appartement,196000,56,3500,94071,48.77094,2.527167
2017-1356710,2017-09-04,2017,Appartement,319000,105,3038,94071,48.766693,2.528216
2017-1356772,2017-08-24,2017,Appartement,298000,93,3204,94071,48.772498,2.518166
2017-1356783,2017-09-18,2017,Appartement,103000,22,4682,94071,48.772124,2.508643
2017-1356791,2017-08-30,2017,Maison,434500,124,3504,94071,48.768008,2.536289
2017-1356846,2017-09-22,2017,Appartement,121000,73,1658,94071,48.775918,2.522424
2017-1356859,2017-09-01,2017,Maison,565000,175,3229,94071,48.765375,2.525426
2017-1356862,2017-08-28,2017,Maison,479000,80,5988,94071,48.768077,2.511878
2017-1356896,2017-09-20,2017,Maison,600000,96,6250,94071,48.766959,2.524407
2017-1356901,2017-09-27,2017,Appartement,335000,105,3190,94071,48.77094,2.527167
2017-1356911,2017-09-06,2017,Appartement,202000,62,3258,94071,48.770869,2.525041
2017-1356921,2017-09-29,2017,Maison,512750,110,4661,94071,48.768285,2.510528
2017-1356935,2017-09-11,2017,Appartement,166000,63,2635,94071,48.785382,2.516611
2017-1356942,2017-09-29,2017,Maison,364000,138,2638,94071,48.780097,2.520274
2017-1356947,2017-09-29,2017,Maison,325000,97,3351,94071,48.775642,2.511904
2017-1356954,2017-09-20,2017,Appartement,220000,79,2785,94071,48.779618,2.510823
2017-1356968,2017-09-05,2017,Appartement,292600,76,3850,94071,48.769573,2.537343
2017-1356980,2017-09-25,2017,Appartement,212000,65,3262,94071,48.769549,2.522133
2017-1357035,2017-10-03,2017,Maison,356000,70,5086,94071,48.77297,2.529192
2017-1357066,2017-09-25,2017,Maison,783000,160,4894,94071,48.774018,2.512312
2017-1357076,2017-09-14,2017,Appartement,157500,88,1790,94071,48.775918,2.522424
2017-1357079,2017-10-11,2017,Maison,287000,71,4042,94071,48.764248,2.530782
2017-1357080,2017-10-11,2017,Maison,382000,111,3441,94071,48.77625,2.509797
2017-1357087,2017-09-14,2017,Maison,349000,79,4418,94071,48.772641,2.514385
2017-1357113,2017-10-03,2017,Appartement,225000,101,2228,94071,48.785382,2.516611
2017-1357139,2017-10-05,2017,Appartement,270000,73,3699,94071,48.769549,2.522133
2017-1357145,2017-10-05,2017,Maison,590100,134,4404,94071,48.768931,2.525554
2017-1357154,2017-10-18,2017,Maison,475000,140,3393,94071,48.76729,2.525414
2017-1357156,2017-10-05,2017,Appartement,183000,73,2507,94071,48.766693,2.528216
2017-1357223,2017-10-20,2017,Maison,425000,91,4670,94071,48.771482,2.535034
2017-1357226,2017-10-10,2017,Maison,485000,120,4042,94071,48.769117,2.51177
2017-1357228,2017-10-10,2017,Maison,335000,90,3722,94071,48.760263,2.529599
2017-1357245,2017-10-24,2017,Appartement,135000,70,1929,94071,48.774714,2.529237
2017-1357259,2017-10-18,2017,Maison,550000,150,3667,94071,48.76634,2.511139
2017-1357284,2017-10-26,2017,Maison,662200,169,3918,94071,48.772736,2.530824
2017-1357290,2017-10-02,2017,Appartement,145000,70,2071,94071,48.77511,2.529948
2017-1357299,2017-10-27,2017,Maison,785000,154,5097,94071,48.773375,2.511424
2017-1357302,2017-10-11,2017,Appartement,136000,39,3487,94071,48.77055,2.520944
2017-1357318,2017-10-24,2017,Maison,575000,159,3616,94071,48.762103,2.522795
2017-1357329,2017-10-16,2017,Appartement,205000,30,6833,94071,48.7695,2.521595
2017-1357332,2017-10-02,2017,Appartement,348000,72,4833,94071,48.772021,2.532122
2017-1357334,2017-10-26,2017,Maison,410000,112,3661,94071,48.779152,2.513021
2017-1357372,2017-10-27,2017,Maison,400000,91,4396,94071,48.770225,2.539092
2017-1357373,2017-10-26,2017,Maison,450000,155,2903,94071,48.774399,2.535873
2017-1357375,2017-10-06,2017,Appartement,221450,41,5401,94071,48.772021,2.532122
2017-1357376,2017-10-23,2017,Maison,250000,72,3472,94071,48.772683,2.529022
2017-1357398,2017-10-31,2017,Maison,364000,90,4044,94071,48.762562,2.530209
2017-1357405,2017-10-16,2017,Maison,340000,80,4250,94071,48.764896,2.516893
2017-1357409,2017-10-30,2017,Maison,386750,96,4029,94071,48.769611,2.516406
2017-1357419,2017-10-30,2017,Maison,570000,126,4524,94071,48.762561,2.512279
2017-1357423,2017-10-20,2017,Maison,367000,108,3398,94071,48.777182,2.51354
2017-1357441,2017-11-03,2017,Maison,358000,60,5967,94071,48.761251,2.530499
2017-1357447,2017-10-17,2017,Appartement,125000,53,2358,94071,48.776279,2.522352
2017-1357461,2017-11-10,2017,Appartement,104460,27,3869,94071,48.775725,2.5317
2017-1357462,2017-10-27,2017,Appartement,125000,83,1506,94071,48.774714,2.529237
2017-1357482,2017-11-02,2017,Maison,379000,140,2707,94071,48.765291,2.522031
2017-1357487,2017-11-15,2017,Appartement,192000,73,2630,94071,48.766693,2.528216
2017-1357490,2017-11-08,2017,Appartement,110000,37,2973,94071,48.770986,2.51008
2017-1357552,2017-10-25,2017,Appartement,169000,62,2726,94071,48.770869,2.525041
2017-1357599,2017-11-02,2017,Appartement,234000,71,3296,94071,48.766693,2.528216
2017-1357606,2017-11-20,2017,Maison,452000,100,4520,94071,48.755185,2.534206
2017-1357608,2017-11-17,2017,Maison,60000,90,667,94071,48.773757,2.515992
2017-1357610,2017-10-31,2017,Appartement,160000,65,2462,94071,48.771842,2.520675
2017-1357619,2017-11-22,2017,Maison,291000,110,2645,94071,48.774977,2.516973
2017-1357645,2017-10-30,2017,Maison,267000,60,4450,94071,48.776011,2.51036
2017-1357647,2017-11-27,2017,Maison,370000,110,3364,94071,48.76886,2.537388
2017-1357649,2017-11-29,2017,Appartement,198000,42,4714,94071,48.770302,2.522662
2017-1357698,2017-12-05,2017,Appartement,108000,23,4696,94071,48.767259,2.528705
2017-1357731,2017-11-10,2017,Appartement,92226,62,1488,94071,48.770869,2.525041
2017-1357744,2017-11-15,2017,Maison,830000,85,9765,94071,48.767501,2.52158
2017-1357759,2017-12-04,2017,Maison,375000,110,3409,94071,48.780311,2.51979
2017-1357762,2017-12-11,2017,Appartement,278350,84,3314,94071,48.766693,2.528216
2017-1357778,2017-11-15,2017,Maison,310000,85,3647,94071,48.776977,2.513026
2017-1357804,2017-12-07,2017,Maison,484700,78,6214,94071,48.775397,2.533648
2017-1357841,2017-11-30,2017,Appartement,190000,28,6786,94071,48.7695,2.521595
2017-1357855,2017-11-24,2017,Appartement,147000,58,2534,94071,48.77511,2.529948
2017-1357858,2017-11-20,2017,Maison,373000,149,2503,94071,48.759031,2.553602
2017-1357864,2017-12-15,2017,Maison,294000,70,4200,94071,48.77512,2.508697
2017-1357865,2017-12-06,2017,Maison,387000,104,3721,94071,48.75731,2.540515
2017-1357869,2017-11-22,2017,Appartement,275660,84,3282,94071,48.766693,2.528216
2017-1357875,2017-11-22,2017,Maison,240000,48,5000,94071,48.764248,2.530782
2017-1357894,2017-12-20,2017,Maison,415000,200,2075,94071,48.760129,2.528923
2017-1357903,2017-12-14,2017,Maison,330000,72,4583,94071,48.765698,2.519741
2017-1357906,2017-12-15,2017,Maison,406000,144,2819,94071,48.771482,2.535034
2017-1357915,2017-11-10,2017,Maison,330000,55,6000,94071,48.758979,2.527785
2017-1357935,2017-12-01,2017,Maison,387000,88,4398,94071,48.760632,2.553772
2017-1357936,2017-12-22,2017,Maison,340000,124,2742,94071,48.758942,2.552525
2017-1357949,2017-12-27,2017,Maison,405000,87,4655,94071,48.778831,2.512087
2017-1357952,2017-12-15,2017,Maison,435000,156,2788,94071,48.761076,2.531707
2017-1357956,2017-12-13,2017,Maison,257000,60,4283,94071,48.765414,2.516593
2017-1357975,2017-12-20,2017,Appartement,221828,70,3169,94071,48.773068,2.521966
2017-1358003,2017-12-15,2017,Maison,450000,109,4128,94071,48.771482,2.535034
2017-1358074,2017-12-14,2017,Maison,300000,85,3529,94071,48.760323,2.555571
2017-1358075,2017-12-28,2017,Appartement,174000,62,2806,94071,48.770869,2.525041
2017-1358094,2017-12-22,2017,Appartement,127000,83,1530,94071,48.774714,2.529237
2017-1358095,2017-12-28,2017,Appartement,265000,76,3487,94071,48.767379,2.522964
2017-1358098,2017-12-29,2017,Maison,288000,82,3512,94071,48.768384,2.508101
2017-1358145,2017-12-28,2017,Appartement,170272,70,2432,94071,48.767259,2.528705
2017-1358174,2017-12-21,2017,Appartement,202000,67,3015,94071,48.769549,2.522133
2017-1358180,2017-12-22,2017,Maison,500000,135,3704,94071,48.773121,2.512238
2017-1358192,2017-12-22,2017,Maison,302450,87,3476,94071,48.756959,2.531307
2017-1358196,2017-12-29,2017,Maison,378000,133,2842,94071,48.762951,2.524154
2017-1358207,2017-12-22,2017,Appartement,60000,69,870,94071,48.772402,2.510709
2017-1358212,2017-12-27,2017,Maison,335000,98,3418,94071,48.773671,2.529906
2017-1358223,2017-12-27,2017,Maison,440250,65,6773,94071,48.773696,2.513009
2017-1358258,2017-12-26,2017,Maison,250000,70,3571,94071,48.778569,2.518062
2018-1341279,2018-01-08,2018,Maison,250000,96,2604,94071,48.774135,2.530131
2018-1341291,2018-01-16,2018,Maison,440000,136,3235,94071,48.766131,2.535787
2018-1341296,2018-01-05,2018,Appartement,81600,44,1855,94071,48.764642,2.512126
2018-1341314,2018-01-17,2018,Maison,635000,156,4071,94071,48.757076,2.559992
2018-1341333,2018-01-18,2018,Appartement,150000,45,3333,94071,48.769759,2.508438
2018-1341358,2018-01-22,2018,Maison,240000,71,3380,94071,48.78064,2.513737
2018-1341365,2018-01-23,2018,Appartement,210000,52,4038,94071,48.770986,2.51008
2018-1341372,2018-01-10,2018,Maison,410000,120,3417,94071,48.757199,2.530008
2018-1341374,2018-01-08,2018,Appartement,193200,101,1913,94071,48.775918,2.522424
2018-1341390,2018-01-31,2018,Appartement,190000,66,2879,94071,48.769549,2.522133
2018-1341395,2018-01-22,2018,Maison,606650,153,3965,94071,48.777382,2.518949
2018-1341423,2018-01-23,2018,Maison,525700,115,4571,94071,48.757502,2.553764
2018-1341435,2018-02-05,2018,Appartement,151000,35,4314,94071,48.769485,2.521384
2018-1341436,2018-02-05,2018,Appartement,264010,72,3667,94071,48.769403,2.534846
2018-1341442,2018-02-05,2018,Maison,449900,105,4285,94071,48.763801,2.515488
2018-1341452,2018-01-26,2018,Appartement,240000,65,3692,94071,48.769549,2.522133
2018-1341455,2018-02-05,2018,Maison,335000,91,3681,94071,48.777816,2.512593
2018-1341469,2018-01-24,2018,Maison,440000,136,3235,94071,48.766054,2.534639
2018-1341477,2018-02-08,2018,Appartement,218000,72,3028,94071,48.769759,2.508438
2018-1341482,2018-02-08,2018,Maison,220000,62,3548,94071,48.770283,2.505588
2018-1341502,2018-01-25,2018,Appartement,128000,31,4129,94071,48.768975,2.521782
2018-1341505,2018-01-25,2018,Maison,292000,66,4424,94071,48.777055,2.514247
2018-1341513,2018-01-17,2018,Appartement,120000,18,6667,94071,48.77044,2.520168
2018-1341516,2018-01-31,2018,Appartement,150000,32,4688,94071,48.768856,2.524035
2018-1341530,2018-02-06,2018,Maison,720000,185,3892,94071,48.772794,2.51527
2018-1341535,2018-02-15,2018,Maison,302600,70,4323,94071,48.772936,2.508541
2018-1341537,2018-02-12,2018,Appartement,170000,56,3036,94071,48.77094,2.527167
2018-1341539,2018-01-26,2018,Appartement,135000,72,1875,94071,48.774714,2.529237
2018-1341554,2018-01-30,2018,Appartement,162150,57,2845,94071,48.771842,2.520675
2018-1341557,2018-02-05,2018,Maison,250000,29,8621,94071,48.763446,2.527172
2018-1341560,2018-01-26,2018,Appartement,231000,71,3254,94071,48.76737,2.533648
2018-1341562,2018-02-02,2018,Maison,313790,94,3338,94071,48.772431,2.529142
2018-1341584,2018-02-12,2018,Maison,289000,48,6021,94071,48.777291,2.512715
2018-1341622,2018-02-14,2018,Maison,330000,100,3300,94071,48.770233,2.520323
2018-1341635,2018-02-13,2018,Maison,423500,199,2128,94071,48.779498,2.513337
2018-1341645,2018-02-06,2018,Maison,512608,159,3224,94071,48.776433,2.513057
2018-1341661,2018-02-20,2018,Appartement,260000,70,3714,94071,48.759742,2.547163
2018-1341668,2018-02-02,2018,Maison,410000,118,3475,94071,48.775291,2.509462
2018-1341674,2018-02-16,2018,Appartement,264250,82,3223,94071,48.766792,2.532928
2018-1341675,2018-02-20,2018,Appartement,176000,41,4293,94071,48.775577,2.515369
2018-1341695,2018-03-01,2018,Maison,474000,121,3917,94071,48.765337,2.523459
2018-1341699,2018-02-27,2018,Appartement,210000,62,3387,94071,48.769573,2.537343
2018-1341718,2018-02-15,2018,Maison,440000,125,3520,94071,48.771482,2.535034
2018-1341722,2018-02-16,2018,Appartement,150000,69,2174,94071,48.77347,2.51847
2018-1341771,2018-02-26,2018,Appartement,150000,73,2055,94071,48.775918,2.522424
2018-1341789,2018-03-08,2018,Maison,405000,125,3240,94071,48.755765,2.553929
2018-1341824,2018-03-12,2018,Maison,433000,121,3579,94071,48.763843,2.533375
2018-1341826,2018-03-09,2018,Maison,348250,90,3869,94071,48.76313,2.529479
2018-1341868,2018-02-21,2018,Maison,448111,91,4924,94071,48.766226,2.519484
2018-1341877,2018-03-01,2018,Appartement,182000,56,3250,94071,48.77094,2.527167
2018-1341882,2018-03-09,2018,Maison,445000,124,3589,94071,48.771482,2.535034
2018-1341887,2018-03-16,2018,Appartement,108000,70,1543,94071,48.77511,2.529948
2018-1341903,2018-03-01,2018,Maison,160000,35,4571,94071,48.763404,2.522954
2018-1341963,2018-03-13,2018,Appartement,294500,105,2805,94071,48.772498,2.518166
2018-1341977,2018-03-26,2018,Appartement,136000,40,3400,94071,48.773579,2.510946
2018-1341991,2018-03-16,2018,Maison,215000,84,2560,94071,48.76091,2.523848
2018-1341997,2018-03-05,2018,Maison,325000,110,2955,94071,48.780661,2.519588
2018-1342003,2018-03-21,2018,Maison,332000,123,2699,94071,48.758508,2.530578
2018-1342013,2018-03-22,2018,Maison,355000,139,2554,94071,48.766632,2.536974
2018-1342014,2018-03-28,2018,Maison,225000,60,3750,94071,48.773371,2.526477
2018-1342022,2018-03-09,2018,Maison,385000,68,5662,94071,48.778974,2.514433
2018-1342026,2018-03-15,2018,Maison,445000,178,2500,94071,48.780669,2.517562
2018-1342046,2018-03-29,2018,Maison,404643,109,3712,94071,48.77218,2.53453
2018-1342051,2018-03-27,2018,Maison,345000,121,2851,94071,48.756565,2.539062
2018-1342055,2018-04-04,2018,Maison,407000,103,3951,94071,48.766288,2.534236
2018-1342067,2018-03-08,2018,Maison,345000,160,2156,94071,48.755146,2.533399
2018-1342076,2018-04-06,2018,Maison,355000,52,6827,94071,48.771334,2.528503
2018-1342077,2018-03-29,2018,Maison,566400,157,3608,94071,48.767526,2.527286
2018-1342086,2018-03-12,2018,Maison,303295,60,5055,94071,48.765504,2.516545
2018-1342089,2018-03-12,2018,Appartement,228000,59,3864,94071,48.770302,2.522662
2018-1342099,2018-03-16,2018,Maison,546875,95,5757,94071,48.767817,2.509914
2018-1342121,2018-03-15,2018,Appartement,143000,70,2043,94071,48.774714,2.529237
2018-1342156,2018-03-16,2018,Maison,410000,110,3727,94071,48.769486,2.50845
2018-1342161,2018-04-09,2018,Maison,560000,131,4275,94071,48.780492,2.514144
2018-1342163,2018-04-12,2018,Appartement,145000,67,2164,94071,48.779618,2.510823
2018-1342166,2018-04-04,2018,Maison,615600,168,3664,94071,48.76698,2.508301
2018-1342167,2018-04-13,2018,Appartement,155000,70,2214,94071,48.77511,2.529948
2018-1342248,2018-04-12,2018,Appartement,215000,67,3209,94071,48.769549,2.522133
2018-1342261,2018-04-20,2018,Maison,400000,90,4444,94071,48.76428,2.519726
2018-1342262,2018-04-16,2018,Maison,447000,124,3605,94071,48.763756,2.531185
2018-1342266,2018-04-18,2018,Maison,175000,46,3804,94071,48.764248,2.530782
2018-1342313,2018-03-30,2018,Appartement,115000,57,2018,94071,48.77347,2.51847
2018-1342317,2018-03-30,2018,Appartement,240000,72,3333,94071,48.77094,2.527167
2018-1342321,2018-03-30,2018,Appartement,258600,76,3403,94071,48.775009,2.52781
2018-1342322,2018-04-13,2018,Appartement,130000,30,4333,94071,48.769285,2.520515
2018-1342343,2018-03-30,2018,Maison,395000,64,6172,94071,48.762357,2.529375
2018-1342357,2018-04-20,2018,Appartement,224850,69,3259,94071,48.772402,2.510709
2018-1342365,2018-04-10,2018,Maison,430000,239,1799,94071,48.774404,2.514104
2018-1342372,2018-04-20,2018,Maison,504956,186,2715,94071,48.764096,2.524296
2018-1342383,2018-05-04,2018,Appartement,141000,27,5222,94071,48.769796,2.521155
2018-1342389,2018-04-24,2018,Appartement,233500,59,3958,94071,48.771059,2.509266
2018-1342394,2018-04-23,2018,Appartement,139000,68,2044,94071,48.77511,2.529948
2018-1342403,2018-04-11,2018,Maison,625000,182,3434,94071,48.754444,2.558606
2018-1342406,2018-04-24,2018,Maison,315000,71,4437,94071,48.777032,2.512178
2018-1342409,2018-04-27,2018,Appartement,136000,69,1971,94071,48.77347,2.51847
2018-1342410,2018-04-25,2018,Maison,285000,75,3800,94071,48.757277,2.528558
2018-1342413,2018-05-02,2018,Maison,475000,136,3493,94071,48.774821,2.534913
2018-1342414,2018-05-02,2018,Maison,370660,94,3943,94071,48.768408,2.5355
2018-1342417,2018-04-23,2018,Maison,470000,140,3357,94071,48.779933,2.513553
2018-1342448,2018-04-16,2018,Appartement,225000,71,3169,94071,48.766693,2.528216
2018-1342454,2018-04-18,2018,Maison,347500,91,3819,94071,48.771482,2.535034
2018-1342455,2018-05-07,2018,Appartement,180300,58,3109,94071,48.772577,2.525787
2018-1342512,2018-05-14,2018,Maison,491320,199,2469,94071,48.759358,2.55397
2018-1342518,2018-05-04,2018,Appartement,213420,64,3335,94071,48.785382,2.516611
2018-1342521,2018-05-15,2018,Appartement,285000,87,3276,94071,48.77094,2.527167
2018-1342542,2018-05-07,2018,Maison,403000,128,3148,94071,48.762428,2.524124
2018-1342544,2018-05-11,2018,Maison,315000,100,3150,94071,48.759432,2.530193
2018-1342560,2018-05-16,2018,Maison,380000,71,5352,94071,48.766019,2.519842
2018-1342565,2018-05-16,2018,Appartement,172250,46,3745,94071,48.769549,2.522133
2018-1342566,2018-05-17,2018,Maison,331000,65,5092,94071,48.764538,2.529827
2018-1342568,2018-04-30,2018,Appartement,211150,72,2933,94071,48.774714,2.529237
2018-1342594,2018-05-11,2018,Maison,444000,167,2659,94071,48.754917,2.554798
2018-1342609,2018-05-23,2018,Appartement,88000,17,5176,94071,48.771907,2.508456
2018-1342618,2018-05-23,2018,Maison,430000,104,4135,94071,48.758335,2.528246
2018-1342641,2018-05-03,2018,Maison,538000,153,3516,94071,48.758128,2.540421
2018-1342655,2018-05-02,2018,Maison,410000,120,3417,94071,48.762582,2.527962
2018-1342664,2018-05-29,2018,Maison,417000,142,2937,94071,48.756431,2.548656
2018-1342668,2018-05-09,2018,Maison,658000,172,3826,94071,48.766477,2.519175
2018-1342673,2018-05-31,2018,Maison,548500,96,5714,94071,48.766876,2.50835
2018-1342679,2018-05-04,2018,Maison,135000,140,964,94071,48.759565,2.552623
2018-1342680,2018-04-13,2018,Maison,155000,100,1550,94071,48.780662,2.519309
2018-1342697,2018-05-24,2018,Appartement,115000,26,4423,94071,48.767259,2.528705
2018-1342717,2018-06-04,2018,Appartement,284000,93,3054,94071,48.772498,2.518166
2018-1342734,2018-05-31,2018,Maison,390000,88,4432,94071,48.776621,2.515487
2018-1342764,2018-05-14,2018,Maison,550000,178,3090,94071,48.757799,2.55664
2018-1342776,2018-05-30,2018,Maison,293000,75,3907,94071,48.780065,2.51415
2018-1342790,2018-05-31,2018,Appartement,210000,83,2530,94071,48.785382,2.516611
2018-1342799,2018-06-08,2018,Maison,307000,46,6674,94071,48.764336,2.533242
2018-1342813,2018-06-12,2018,Maison,430000,116,3707,94071,48.77665,2.509316
2018-1342831,2018-06-08,2018,Appartement,203000,46,4413,94071,48.769549,2.522133
2018-1342840,2018-05-17,2018,Appartement,197000,101,1950,94071,48.775918,2.522424
2018-1342848,2018-05-23,2018,Maison,400000,186,2151,94071,48.760127,2.556343
2018-1342880,2018-06-15,2018,Appartement,141000,28,5036,94071,48.769549,2.522133
2018-1342882,2018-06-15,2018,Maison,440000,121,3636,94071,48.757385,2.533435
2018-1342887,2018-06-15,2018,Maison,630000,178,3539,94071,48.766963,2.526393
2018-1342918,2018-06-19,2018,Appartement,182810,46,3974,94071,48.769549,2.522133
2018-1342919,2018-05-25,2018,Appartement,118500,26,4558,94071,48.767259,2.528705
2018-1342927,2018-06-19,2018,Maison,320000,93,3441,94071,48.756431,2.548656
2018-1342930,2018-06-19,2018,Appartement,280000,80,3500,94071,48.76737,2.533648
2018-1342937,2018-06-08,2018,Appartement,124200,25,4968,94071,48.767259,2.528705
2018-1342993,2018-06-19,2018,Appartement,150000,46,3261,94071,48.769549,2.522133
2018-1343006,2018-06-27,2018,Maison,371000,101,3673,94071,48.755696,2.533618
2018-1343016,2018-06-26,2018,Maison,250000,86,2907,94071,48.773868,2.531194
2018-1343018,2018-06-27,2018,Maison,332000,75,4427,94071,48.769078,2.520363
2018-1343041,2018-06-28,2018,Appartement,93500,28,3339,94071,48.769549,2.522133
2018-1343084,2018-06-05,2018,Maison,350000,137,2555,94071,48.778723,2.510541
2018-1343101,2018-06-21,2018,Maison,281870,90,3132,94071,48.76513,2.518883
2018-1343105,2018-06-28,2018,Maison,505000,67,7537,94071,48.768916,2.511336
2018-1343118,2018-06-14,2018,Maison,360000,95,3789,94071,48.75716,2.52989
2018-1343124,2018-06-28,2018,Maison,515000,129,3992,94071,48.779207,2.519749
2018-1343134,2018-07-03,2018,Maison,284000,75,3787,94071,48.763938,2.535276
2018-1343135,2018-06-27,2018,Maison,480000,95,5053,94071,48.768976,2.514259
2018-1343142,2018-06-07,2018,Appartement,156280,72,2171,94071,48.77511,2.529948
2018-1343147,2018-06-06,2018,Appartement,140000,41,3415,94071,48.770162,2.519446
2018-1343176,2018-07-09,2018,Appartement,240000,70,3429,94071,48.769243,2.510943
2018-1343184,2018-06-20,2018,Maison,458000,139,3295,94071,48.763452,2.5273
2018-1343208,2018-06-29,2018,Appartement,312200,101,3091,94071,48.785382,2.516611
2018-1343216,2018-06-20,2018,Maison,500000,167,2994,94071,48.758426,2.528559
2018-1343243,2018-06-29,2018,Maison,353000,91,3879,94071,48.757194,2.530775
2018-1343265,2018-07-06,2018,Maison,413000,120,3442,94071,48.768129,2.529591
2018-1343266,2018-06-20,2018,Appartement,252500,72,3507,94071,48.77094,2.527167
2018-1343271,2018-07-10,2018,Appartement,116000,55,2109,94071,48.77511,2.529948
2018-1343281,2018-07-13,2018,Maison,710200,141,5037,94071,48.764737,2.50965
2018-1343284,2018-07-12,2018,Maison,440000,152,2895,94071,48.763071,2.527011
2018-1343285,2018-07-13,2018,Maison,695000,223,3117,94071,48.778615,2.518753
2018-1343294,2018-06-29,2018,Appartement,110000,22,5000,94071,48.767259,2.528705
2018-1343311,2018-06-28,2018,Maison,470000,136,3456,94071,48.756734,2.530318
2018-1343317,2018-07-18,2018,Appartement,105000,27,3889,94071,48.775725,2.5317
2018-1343333,2018-07-10,2018,Maison,505855,128,3952,94071,48.779664,2.519673
2018-1343334,2018-06-26,2018,Appartement,145000,53,2736,94071,48.766693,2.528216
2018-1343342,2018-06-28,2018,Maison,565000,125,4520,94071,48.773092,2.51533
2018-1343364,2018-07-20,2018,Appartement,152600,45,3391,94071,48.769549,2.522133
2018-1343378,2018-07-12,2018,Appartement,285000,71,4014,94071,48.774443,2.527807
2018-1343396,2018-06-29,2018,Maison,469300,179,2622,94071,48.754865,2.535956
2018-1343408,2018-07-13,2018,Maison,620000,132,4697,94071,48.77315,2.515364
2018-1343416,2018-07-20,2018,Maison,531950,130,4092,94071,48.769449,2.51433
2018-1343422,2018-07-18,2018,Appartement,180000,56,3214,94071,48.77094,2.527167
2018-1343427,2018-07-02,2018,Maison,507000,110,4609,94071,48.763238,2.515486
2018-1343437,2018-07-09,2018,Maison,350000,120,2917,94071,48.762265,2.529637
2018-1343455,2018-07-16,2018,Maison,562075,157,3580,94071,48.761797,2.524403
2018-1343461,2018-07-04,2018,Appartement,150000,53,2830,94071,48.776279,2.522352
2018-1343483,2018-07-24,2018,Appartement,165000,53,3113,94071,48.766693,2.528216
2018-1343484,2018-07-26,2018,Maison,390000,132,2955,94071,48.767226,2.537659
2018-1343499,2018-07-25,2018,Appartement,281600,105,2682,94071,48.772498,2.518166
2018-1343500,2018-07-03,2018,Appartement,390000,89,4382,94071,48.769403,2.534846
2018-1343508,2018-07-09,2018,Appartement,205000,62,3306,94071,48.770869,2.525041
2018-1343520,2018-07-05,2018,Maison,480000,120,4000,94071,48.764746,2.512814
2018-1343541,2018-07-30,2018,Maison,345000,160,2156,94071,48.777988,2.518034
2018-1343545,2018-07-25,2018,Appartement,169000,40,4225,94071,48.770117,2.520536
2018-1343552,2018-07-27,2018,Maison,441000,100,4410,94071,48.774886,2.51899
2018-1343563,2018-07-31,2018,Appartement,140000,70,2000,94071,48.774714,2.529237
2018-1343593,2018-07-12,2018,Maison,610000,115,5304,94071,48.773977,2.516088
2018-1343597,2018-07-10,2018,Maison,210000,38,5526,94071,48.780367,2.512364
2018-1343622,2018-07-18,2018,Appartement,124000,70,1771,94071,48.776279,2.522352
2018-1343643,2018-07-21,2018,Maison,550000,136,4044,94071,48.775462,2.53509
2018-1343666,2018-08-03,2018,Maison,236000,41,5756,94071,48.764998,2.521345
2018-1343668,2018-07-19,2018,Maison,390000,134,2910,94071,48.765698,2.519741
2018-1343688,2018-07-17,2018,Maison,360000,90,4000,94071,48.779119,2.516884
2018-1343690,2018-07-31,2018,Appartement,210000,47,4468,94071,48.77569,2.515148
2018-1343722,2018-07-17,2018,Maison,350000,86,4070,94071,48.760188,2.556134
2018-1343734,2018-07-24,2018,Maison,451550,117,3859,94071,48.763709,2.538331
2018-1343758,2018-07-17,2018,Appartement,240000,75,3200,94071,48.772498,2.518166
2018-1343772,2018-07-12,2018,Maison,305000,77,3961,94071,48.756431,2.548656
2018-1343787,2018-07-07,2018,Maison,515600,146,3532,94071,48.775047,2.509005
2018-1343790,2018-08-03,2018,Appartement,186000,83,2241,94071,48.774714,2.529237
2018-1343793,2018-07-18,2018,Appartement,192980,62,3113,94071,48.770869,2.525041
2018-1343826,2018-08-02,2018,Maison,580000,213,2723,94071,48.757537,2.560775
2018-1343877,2018-08-01,2018,Appartement,146000,70,2086,94071,48.774714,2.529237
2018-1343926,2018-08-01,2018,Appartement,118000,58,2034,94071,48.77511,2.529948
2018-1343932,2018-08-21,2018,Maison,465000,142,3275,94071,48.758681,2.527525
2018-1343941,2018-08-24,2018,Maison,390000,126,3095,94071,48.763623,2.526589
2018-1343944,2018-08-28,2018,Appartement,107000,17,6294,94071,48.772124,2.508643
2018-1343957,2018-08-22,2018,Appartement,150000,35,4286,94071,48.770162,2.519446
2018-1343958,2018-08-06,2018,Appartement,199000,62,3210,94071,48.770869,2.525041
2018-1343959,2018-08-17,2018,Maison,353950,57,6210,94071,48.776044,2.509
2018-1343965,2018-08-28,2018,Maison,417400,110,3795,94071,48.773166,2.53356
2018-1343985,2018-08-30,2018,Maison,335000,60,5583,94071,48.756254,2.537136
2018-1343988,2018-08-31,2018,Appartement,245750,66,3723,94071,48.770986,2.51008
2018-1343999,2018-08-29,2018,Maison,810000,128,6328,94071,48.769803,2.513272
2018-1344006,2018-08-23,2018,Appartement,160000,61,2623,94071,48.77055,2.520944
2018-1344010,2018-08-24,2018,Appartement,145000,70,2071,94071,48.776279,2.522352
2018-1344043,2018-09-06,2018,Appartement,133000,39,3410,94071,48.773761,2.509034
2018-1344072,2018-09-10,2018,Maison,60000,171,351,94071,48.76719,2.535544
2018-1344076,2018-09-06,2018,Appartement,135457,43,3150,94071,48.762648,2.534506
2018-1344082,2018-09-11,2018,Maison,423000,91,4648,94071,48.755914,2.532517
2018-1344090,2018-09-12,2018,Appartement,185000,83,2229,94071,48.785382,2.516611
2018-1344091,2018-09-12,2018,Appartement,152000,70,2171,94071,48.77511,2.529948
2018-1344092,2018-08-23,2018,Maison,520000,117,4444,94071,48.7669,2.523527
2018-1344107,2018-08-23,2018,Maison,570000,174,3276,94071,48.779304,2.516964
2018-1344111,2018-09-14,2018,Maison,390000,83,4699,94071,48.767781,2.509789
2018-1344112,2018-09-14,2018,Maison,760000,148,5135,94071,48.770772,2.513074
2018-1344119,2018-09-07,2018,Maison,502860,220,2286,94071,48.774951,2.531888
2018-1344133,2018-09-05,2018,Appartement,115000,68,1691,94071,48.77511,2.529948
2018-1344135,2018-08-21,2018,Appartement,131000,70,1871,94071,48.774714,2.529237
2018-1344136,2018-09-14,2018,Appartement,301400,102,2955,94071,48.785382,2.516611
2018-1344146,2018-08-22,2018,Maison,425000,117,3632,94071,48.763608,2.538394
2018-1344152,2018-09-13,2018,Maison,434500,110,3950,94071,48.769128,2.511508
2018-1344189,2018-09-19,2018,Appartement,143000,73,1959,94071,48.77511,2.529948
2018-1344200,2018-09-04,2018,Appartement,112000,54,2074,94071,48.77511,2.529948
2018-1344202,2018-09-21,2018,Maison,495000,137,3613,94071,48.768332,2.528201
2018-1344235,2018-09-27,2018,Appartement,220000,46,4783,94071,48.769403,2.534846
2018-1344244,2018-09-14,2018,Appartement,92800,33,2812,94071,48.767259,2.528705
2018-1344261,2018-09-13,2018,Maison,484790,135,3591,94071,48.759106,2.528854
2018-1344280,2018-09-28,2018,Maison,417000,133,3135,94071,48.75622,2.542914
2018-1344326,2018-09-07,2018,Maison,540000,94,5745,94071,48.772203,2.512423
2018-1344339,2018-09-28,2018,Maison,289000,65,4446,94071,48.764258,2.52996
2018-1344341,2018-09-28,2018,Appartement,190000,46,4130,94071,48.769549,2.522133
2018-1344367,2018-10-05,2018,Appartement,276100,101,2734,94071,48.785382,2.516611
2018-1344384,2018-09-10,2018,Maison,349000,78,4474,94071,48.755362,2.535984
2018-1344387,2018-10-03,2018,Maison,522000,139,3755,94071,48.763402,2.515106
2018-1344398,2018-10-02,2018,Maison,230000,80,2875,94071,48.760186,2.531245
2018-1344416,2018-09-11,2018,Maison,790000,258,3062,94071,48.75463,2.558887
2018-1344423,2018-10-09,2018,Maison,362000,106,3415,94071,48.771482,2.535034
2018-1344439,2018-08-28,2018,Appartement,275000,82,3354,94071,48.766792,2.532928
2018-1344441,2018-09-21,2018,Maison,545000,158,3449,94071,48.761278,2.527057
2018-1344446,2018-09-20,2018,Appartement,120000,51,2353,94071,48.779618,2.510823
2018-1344449,2018-09-27,2018,Appartement,293700,101,2908,94071,48.785382,2.516611
2018-1344455,2018-09-28,2018,Maison,253000,56,4518,94071,48.758035,2.530381
2018-1344489,2018-09-28,2018,Maison,324000,94,3447,94071,48.75686,2.550199
2018-1344494,2018-10-15,2018,Maison,426000,66,6455,94071,48.766523,2.521556
2018-1344528,2018-09-18,2018,Appartement,220000,68,3235,94071,48.772577,2.525787
2018-1344539,2018-10-10,2018,Appartement,277150,65,4264,94071,48.769403,2.534846
2018-1344540,2018-10-02,2018,Maison,360000,130,2769,94071,48.755403,2.538559
2018-1344547,2018-10-18,2018,Appartement,280000,65,4308,94071,48.766792,2.532928
2018-1344567,2018-09-28,2018,Maison,275000,56,4911,94071,48.760293,2.550517
2018-1344569,2018-10-01,2018,Maison,421000,132,3189,94071,48.765782,2.533222
2018-1344608,2018-10-23,2018,Maison,310000,50,6200,94071,48.760763,2.550815
2018-1344631,2018-10-24,2018,Maison,795000,116,6853,94071,48.770455,2.512867
2018-1344635,2018-10-09,2018,Appartement,278000,87,3195,94071,48.77094,2.527167
2018-1344646,2018-10-26,2018,Maison,372000,83,4482,94071,48.760831,2.527551
2018-1344658,2018-10-26,2018,Appartement,143000,70,2043,94071,48.774714,2.529237
2018-1344672,2018-10-01,2018,Appartement,72890,20,3644,94071,48.762117,2.526888
2018-1344688,2018-10-01,2018,Appartement,171000,70,2443,94071,48.774714,2.529237
2018-1344711,2018-10-30,2018,Maison,667500,190,3513,94071,48.779606,2.521653
2018-1344720,2018-10-31,2018,Maison,429000,72,5958,94071,48.756623,2.538726
2018-1344736,2018-10-30,2018,Appartement,245000,80,3062,94071,48.785382,2.516611
2018-1344739,2018-09-14,2018,Maison,425000,136,3125,94071,48.767478,2.536377
2018-1344745,2018-10-23,2018,Maison,735000,140,5250,94071,48.76708,2.51284
2018-1344758,2018-10-10,2018,Maison,450000,85,5294,94071,48.770677,2.514076
2018-1344763,2018-10-18,2018,Appartement,235000,72,3264,94071,48.77094,2.527167
2018-1344797,2018-10-12,2018,Maison,530000,98,5408,94071,48.765795,2.518962
2018-1344808,2018-10-17,2018,Maison,295000,164,1799,94071,48.759877,2.553699
2018-1344830,2018-10-24,2018,Maison,426000,100,4260,94071,48.758168,2.52972
2018-1344850,2018-10-26,2018,Appartement,168000,39,4308,94071,48.774443,2.527807
2018-1344872,2018-11-16,2018,Maison,340000,54,6296,94071,48.761452,2.523888
2018-1344873,2018-11-06,2018,Maison,239000,50,4780,94071,48.764248,2.530782
2018-1344874,2018-10-24,2018,Maison,423050,86,4919,94071,48.759393,2.552338
2018-1344892,2018-10-19,2018,Maison,314000,91,3451,94071,48.779213,2.517558
2018-1344909,2018-11-09,2018,Maison,499000,89,5607,94071,48.771148,2.511545
2018-1344952,2018-10-25,2018,Maison,285000,61,4672,94071,48.766458,2.516821
2018-1344977,2018-11-19,2018,Appartement,173250,62,2794,94071,48.769573,2.537343
2018-1344980,2018-10-26,2018,Appartement,53900,20,2695,94071,48.762117,2.526888
2018-1345041,2018-11-28,2018,Appartement,272000,70,3886,94071,48.769243,2.510943
2018-1345055,2018-11-29,2018,Appartement,243500,62,3927,94071,48.769573,2.537343
2018-1345064,2018-11-16,2018,Appartement,111000,15,7400,94071,48.770444,2.519929
2018-1345075,2018-11-30,2018,Maison,290000,54,5370,94071,48.774668,2.51023
2018-1345095,2018-11-30,2018,Maison,469000,111,4225,94071,48.779055,2.519347
2018-1345110,2018-11-21,2018,Appartement,195000,56,3482,94071,48.77094,2.527167
2018-1345128,2018-11-29,2018,Maison,238000,59,4034,94071,48.756655,2.527147
2018-1345136,2018-11-27,2018,Appartement,130000,58,2241,94071,48.77511,2.529948
2018-1345186,2018-11-16,2018,Appartement,125000,55,2273,94071,48.77511,2.529948
2018-1345203,2018-11-23,2018,Maison,240000,56,4286,94071,48.779284,2.516782
2018-1345205,2018-12-03,2018,Maison,367000,160,2294,94071,48.755489,2.536361
2018-1345254,2018-11-29,2018,Maison,730000,220,3318,94071,48.772827,2.532785
2018-1345262,2018-12-05,2018,Appartement,142000,58,2448,94071,48.77511,2.529948
2018-1345296,2018-11-30,2018,Appartement,239750,66,3633,94071,48.769549,2.522133
2018-1345323,2018-12-07,2018,Appartement,245200,91,2695,94071,48.770869,2.525041
2018-1345358,2018-11-30,2018,Maison,290000,43,6744,94071,48.777548,2.511861
2018-1345405,2018-12-21,2018,Maison,395000,80,4938,94071,48.759744,2.554473
2018-1345431,2018-11-30,2018,Appartement,233500,60,3892,94071,48.759556,2.530434
2018-1345434,2018-12-12,2018,Appartement,172000,53,3245,94071,48.766693,2.528216
2018-1345447,2018-12-21,2018,Maison,434000,150,2893,94071,48.756592,2.559428
2018-1345588,2018-12-27,2018,Maison,510000,152,3355,94071,48.778146,2.51977
2018-1345639,2018-12-19,2018,Appartement,180550,48,3761,94071,48.767259,2.528705
2018-1345645,2018-12-31,2018,Appartement,151000,51,2961,94071,48.770869,2.525041
2018-1345681,2018-12-27,2018,Appartement,137000,53,2585,94071,48.776279,2.522352
2018-1345691,2018-12-28,2018,Appartement,175624,75,2342,94071,48.767259,2.528705
2018-1345702,2018-12-28,2018,Maison,378000,100,3780,94071,48.770233,2.520323
2019-780845,2019-07-01,2019,Maison,360000,120,3000,94071,48.756963,2.528403
2019-780853,2019-07-02,2019,Appartement,371000,128,2898,94071,48.772402,2.510709
2019-780867,2019-07-08,2019,Maison,610000,170,3588,94071,48.767566,2.527799
2019-780869,2019-07-02,2019,Appartement,249000,74,3365,94071,48.767259,2.528705
2019-780888,2019-07-10,2019,Appartement,145000,83,1747,94071,48.774714,2.529237
2019-780891,2019-07-01,2019,Appartement,257000,72,3569,94071,48.77094,2.527167
2019-780896,2019-07-05,2019,Maison,327000,60,5450,94071,48.766004,2.515663
2019-780900,2019-07-12,2019,Maison,505000,190,2658,94071,48.75996,2.528194
2019-780910,2019-07-05,2019,Maison,454900,129,3526,94071,48.756689,2.530226
2019-780950,2019-07-02,2019,Maison,439000,87,5046,94071,48.755597,2.534582
2019-780953,2019-07-18,2019,Appartement,224500,56,4009,94071,48.774443,2.527807
2019-780988,2019-07-19,2019,Maison,488000,98,4980,94071,48.763785,2.523383
2019-780989,2019-07-19,2019,Appartement,140000,39,3590,94071,48.770988,2.519926
2019-781008,2019-07-09,2019,Maison,322340,63,5117,94071,48.766458,2.516821
2019-781029,2019-07-24,2019,Maison,350000,195,1795,94071,48.775598,2.533599
2019-781032,2019-07-16,2019,Maison,250000,29,8621,94071,48.759934,2.550303
2019-781041,2019-07-18,2019,Maison,300000,91,3297,94071,48.767794,2.538666
2019-781063,2019-07-25,2019,Maison,375000,61,6148,94071,48.769721,2.509393
2019-781082,2019-07-04,2019,Maison,370000,122,3033,94071,48.775616,2.52086
2019-781100,2019-07-29,2019,Maison,640000,185,3459,94071,48.772149,2.530529
2019-781125,2019-07-25,2019,Maison,735000,154,4773,94071,48.768968,2.517178
2019-781136,2019-07-30,2019,Maison,255000,165,1545,94071,48.7642,2.521488
2019-781152,2019-07-18,2019,Maison,530000,152,3487,94071,48.765649,2.517742
2019-781153,2019-07-29,2019,Appartement,253000,73,3466,94071,48.766792,2.532928
2019-781159,2019-07-09,2019,Maison,633000,90,7033,94071,48.774698,2.512755
2019-781168,2019-07-26,2019,Maison,373000,75,4973,94071,48.780255,2.51589
2019-781177,2019-07-05,2019,Appartement,151000,46,3283,94071,48.769549,2.522133
2019-781191,2019-08-01,2019,Maison,325000,69,4710,94071,48.780453,2.516345
2019-781199,2019-07-08,2019,Maison,526000,156,3372,94071,48.76782,2.535522
2019-781287,2019-07-11,2019,Maison,350000,127,2756,94071,48.757265,2.549337
2019-781289,2019-08-07,2019,Appartement,375000,99,3788,94071,48.76737,2.533648
2019-781306,2019-07-05,2019,Maison,348000,85,4094,94071,48.774681,2.50983
2019-781335,2019-07-23,2019,Maison,349000,41,8512,94071,48.778183,2.516992
2019-781352,2019-08-08,2019,Appartement,157500,44,3580,94071,48.769565,2.509842
2019-781361,2019-07-19,2019,Maison,634000,99,6404,94071,48.773023,2.51103
2019-781426,2019-07-18,2019,Appartement,350000,79,4430,94071,48.772021,2.532122
2019-781440,2019-07-24,2019,Maison,420000,183,2295,94071,48.755159,2.534364
2019-781462,2019-07-31,2019,Maison,175000,105,1667,94071,48.765358,2.518229
2019-781467,2019-08-01,2019,Maison,530000,91,5824,94071,48.762128,2.533074
2019-781475,2019-08-05,2019,Maison,520000,136,3824,94071,48.76658,2.535651
2019-781484,2019-08-01,2019,Maison,375000,72,5208,94071,48.76043,2.551473
2019-781487,2019-07-24,2019,Maison,370000,122,3033,94071,48.775616,2.52086
2019-781492,2019-07-26,2019,Maison,510920,136,3757,94071,48.76657,2.533837
2019-781507,2019-08-26,2019,Appartement,155000,70,2214,94071,48.77511,2.529948
2019-781522,2019-08-27,2019,Maison,420500,65,6469,94071,48.76018,2.547035
2019-781528,2019-08-27,2019,Maison,415000,94,4415,94071,48.7768,2.510422
2019-781533,2019-08-28,2019,Maison,290000,46,6304,94071,48.764046,2.520336
2019-781534,2019-08-28,2019,Maison,475000,112,4241,94071,48.763254,2.52936
2019-781541,2019-08-14,2019,Maison,259000,51,5078,94071,48.770719,2.50548
2019-781545,2019-08-29,2019,Maison,410000,112,3661,94071,48.779152,2.513021
2019-781595,2019-08-21,2019,Maison,263000,65,4046,94071,48.780032,2.521226
2019-781612,2019-09-02,2019,Maison,475000,126,3770,94071,48.757119,2.539345
2019-781643,2019-09-05,2019,Appartement,160000,39,4103,94071,48.77055,2.520944
2019-781653,2019-09-04,2019,Appartement,208000,62,3355,94071,48.770869,2.525041
2019-781663,2019-09-04,2019,Appartement,312000,108,2889,94071,48.766693,2.528216
2019-781672,2019-09-06,2019,Maison,599500,189,3172,94071,48.758495,2.55834
2019-781681,2019-08-19,2019,Appartement,160000,83,1928,94071,48.774714,2.529237
2019-781704,2019-09-11,2019,Maison,400000,88,4545,94071,48.763402,2.535514
2019-781732,2019-09-16,2019,Maison,333000,48,6938,94071,48.767053,2.509864
2019-781743,2019-09-12,2019,Appartement,183000,62,2952,94071,48.770869,2.525041
2019-781750,2019-09-13,2019,Maison,700000,183,3825,94071,48.764309,2.51724
2019-781755,2019-08-30,2019,Appartement,189000,62,3048,94071,48.770869,2.525041
2019-781768,2019-09-17,2019,Appartement,258000,74,3486,94071,48.77094,2.527167
2019-781772,2019-09-02,2019,Maison,700000,153,4575,94071,48.766571,2.509273
2019-781773,2019-09-06,2019,Maison,652535,148,4409,94071,48.775828,2.518104
2019-781793,2019-09-06,2019,Maison,410000,100,4100,94071,48.770491,2.539631
2019-781804,2019-09-13,2019,Maison,417000,70,5957,94071,48.779193,2.513365
2019-781860,2019-09-09,2019,Maison,320000,75,4267,94071,48.771129,2.512362
2019-781864,2019-09-17,2019,Appartement,111000,73,1521,94071,48.775918,2.522424
2019-781881,2019-09-20,2019,Appartement,161000,83,1940,94071,48.774714,2.529237
2019-781891,2019-08-30,2019,Maison,514500,130,3958,94071,48.774873,2.509645
2019-781899,2019-08-29,2019,Maison,420000,71,5915,94071,48.775442,2.51144
2019-781902,2019-09-18,2019,Maison,350000,55,6364,94071,48.764248,2.530782
2019-781941,2019-09-27,2019,Appartement,135000,70,1929,94071,48.774714,2.529237
2019-781963,2019-09-26,2019,Appartement,270000,83,3253,94071,48.785382,2.516611
2019-781966,2019-09-26,2019,Appartement,235000,55,4273,94071,48.770302,2.522662
2019-782007,2019-09-11,2019,Maison,256000,51,5020,94071,48.764248,2.530782
2019-782026,2019-10-07,2019,Appartement,150000,101,1485,94071,48.775918,2.522424
2019-782106,2019-09-26,2019,Maison,365000,95,3842,94071,48.778095,2.519906
2019-782121,2019-09-16,2019,Appartement,175000,56,3125,94071,48.77094,2.527167
2019-782128,2019-10-10,2019,Maison,406000,87,4667,94071,48.760422,2.555086
2019-782144,2019-10-10,2019,Maison,455000,127,3583,94071,48.764602,2.516585
2019-782148,2019-09-16,2019,Maison,270000,53,5094,94071,48.761864,2.530052
2019-782166,2019-10-01,2019,Appartement,157000,35,4486,94071,48.766586,2.508515
2019-782184,2019-10-11,2019,Appartement,238000,83,2867,94071,48.785382,2.516611
2019-782234,2019-09-26,2019,Maison,460565,186,2476,94071,48.760127,2.556343
2019-782236,2019-10-11,2019,Appartement,210000,73,2877,94071,48.766693,2.528216
2019-782243,2019-10-17,2019,Appartement,127000,57,2228,94071,48.77511,2.529948
2019-782262,2019-10-02,2019,Maison,349592,70,4994,94071,48.763996,2.522393
2019-782263,2019-10-18,2019,Maison,250000,31,8065,94071,48.779855,2.513144
2019-782264,2019-10-21,2019,Maison,418795,108,3878,94071,48.755548,2.539625
2019-782280,2019-10-07,2019,Appartement,142912,61,2343,94071,48.767259,2.528705
2019-782291,2019-09-26,2019,Maison,330000,81,4074,94071,48.767329,2.527764
2019-782293,2019-09-26,2019,Maison,411859,81,5085,94071,48.767329,2.527764
2019-782297,2019-10-18,2019,Maison,270000,57,4737,94071,48.770407,2.506236
2019-782305,2019-09-27,2019,Maison,327500,83,3946,94071,48.76032,2.550941
2019-782308,2019-09-27,2019,Maison,455000,114,3991,94071,48.760764,2.529697
2019-782323,2019-10-23,2019,Appartement,170000,62,2742,94071,48.785382,2.516611
2019-782325,2019-10-21,2019,Appartement,187000,54,3463,94071,48.769957,2.520669
2019-782330,2019-10-23,2019,Appartement,275000,75,3667,94071,48.772498,2.518166
2019-782333,2019-10-23,2019,Maison,440000,120,3667,94071,48.756786,2.551551
2019-782349,2019-10-11,2019,Maison,537600,187,2875,94071,48.759976,2.553677
2019-782357,2019-10-24,2019,Appartement,188000,59,3186,94071,48.775009,2.52781
2019-782361,2019-10-08,2019,Maison,260000,54,4815,94071,48.760793,2.549507
2019-782370,2019-10-01,2019,Appartement,185000,57,3246,94071,48.769957,2.520669
2019-782401,2019-10-29,2019,Appartement,283000,87,3253,94071,48.77094,2.527167
2019-782405,2019-10-28,2019,Appartement,221000,58,3810,94071,48.772577,2.525787
2019-782406,2019-10-22,2019,Maison,304000,56,5429,94071,48.759646,2.528633
2019-782431,2019-10-25,2019,Maison,455000,92,4946,94071,48.772283,2.508697
2019-782462,2019-10-16,2019,Appartement,158000,60,2633,94071,48.77055,2.520944
2019-782477,2019-10-11,2019,Appartement,150000,70,2143,94071,48.77511,2.529948
2019-782485,2019-10-11,2019,Maison,670000,158,4241,94071,48.758069,2.541483
2019-782496,2019-10-30,2019,Appartement,112000,29,3862,94071,48.769549,2.522133
2019-782506,2019-11-05,2019,Appartement,139000,39,3564,94071,48.770988,2.519926
2019-782516,2019-11-08,2019,Maison,363000,91,3989,94071,48.771482,2.535034
2019-782541,2019-11-06,2019,Appartement,212000,67,3164,94071,48.770986,2.51008
2019-782554,2019-10-30,2019,Appartement,168000,47,3574,94071,48.767259,2.528705
2019-782585,2019-11-07,2019,Maison,650000,162,4012,94071,48.768059,2.509812
2019-782595,2019-10-21,2019,Maison,655000,132,4962,94071,48.763085,2.509229
2019-782600,2019-10-18,2019,Appartement,159000,36,4417,94071,48.770668,2.519872
2019-782642,2019-11-15,2019,Appartement,141000,70,2014,94071,48.774714,2.529237
2019-782683,2019-11-08,2019,Maison,210000,75,2800,94071,48.763548,2.529093
2019-782709,2019-11-19,2019,Appartement,398000,128,3109,94071,48.772402,2.510709
2019-782713,2019-11-22,2019,Appartement,277000,75,3693,94071,48.767259,2.528705
2019-782742,2019-10-31,2019,Appartement,210000,62,3387,94071,48.769957,2.520669
2019-782744,2019-10-30,2019,Appartement,108600,30,3620,94071,48.770869,2.525041
2019-782757,2019-11-15,2019,Appartement,137000,31,4419,94071,48.772498,2.518166
2019-782762,2019-11-27,2019,Maison,355000,91,3901,94071,48.768468,2.538072
2019-782783,2019-11-20,2019,Appartement,153333,42,3651,94071,48.767518,2.523246
2019-782841,2019-11-29,2019,Appartement,253000,79,3203,94071,48.779618,2.510823
2019-782843,2019-10-28,2019,Maison,480643,128,3755,94071,48.762428,2.524124
2019-782854,2019-12-03,2019,Maison,326000,142,2296,94071,48.759132,2.546771
2019-782868,2019-12-04,2019,Appartement,180000,59,3051,94071,48.775009,2.52781
2019-782869,2019-12-05,2019,Maison,415000,127,3268,94071,48.757144,2.551303
2019-782874,2019-11-08,2019,Appartement,156500,83,1886,94071,48.774714,2.529237
2019-782902,2019-11-19,2019,Maison,410000,106,3868,94071,48.780237,2.51598
2019-782919,2019-12-02,2019,Maison,505000,142,3556,94071,48.757743,2.557197
2019-782926,2019-11-22,2019,Appartement,144700,55,2631,94071,48.77511,2.529948
2019-782941,2019-12-03,2019,Appartement,245000,70,3500,94071,48.759742,2.547163
2019-782949,2019-11-27,2019,Appartement,130000,81,1605,94071,48.77511,2.529948
2019-782966,2019-11-29,2019,Maison,435000,99,4394,94071,48.760415,2.527246
2019-782967,2019-11-29,2019,Appartement,298000,76,3921,94071,48.774443,2.527807
2019-782969,2019-11-29,2019,Maison,445000,91,4890,94071,48.769952,2.53863
2019-783000,2019-11-20,2019,Appartement,420000,84,5000,94071,48.776014,2.510862
2019-783003,2019-11-20,2019,Maison,410000,99,4141,94071,48.764304,2.528254
2019-783008,2019-12-11,2019,Maison,475900,127,3747,94071,48.778392,2.518141
2019-783034,2019-12-04,2019,Appartement,173500,51,3402,94071,48.769573,2.537343
2019-783037,2019-11-18,2019,Maison,403440,127,3177,94071,48.755128,2.549816
2019-783048,2019-12-12,2019,Appartement,185000,53,3491,94071,48.766693,2.528216
2019-783050,2019-12-16,2019,Appartement,305000,110,2773,94071,48.772498,2.518166
2019-783061,2019-12-16,2019,Maison,505000,131,3855,94071,48.774527,2.517053
2019-783088,2019-12-18,2019,Maison,334000,84,3976,94071,48.755511,2.53761
2019-783102,2019-12-19,2019,Maison,480000,85,5647,94071,48.765883,2.52053
2019-783106,2019-11-28,2019,Appartement,145000,41,3537,94071,48.772498,2.518166
2019-783109,2019-12-19,2019,Appartement,255000,81,3148,94071,48.772498,2.518166
2019-783112,2019-12-05,2019,Maison,600000,176,3409,94071,48.761556,2.531445
2019-783113,2019-12-03,2019,Appartement,239000,60,3983,94071,48.774443,2.527807
2019-783141,2019-12-20,2019,Appartement,125000,30,4167,94071,48.769262,2.519726
2019-783147,2019-12-20,2019,Appartement,125000,29,4310,94071,48.769549,2.522133
2019-783236,2019-12-20,2019,Maison,410000,99,4141,94071,48.771787,2.514043
2019-783251,2019-12-11,2019,Appartement,125000,29,4310,94071,48.767259,2.528705
2019-783259,2019-12-20,2019,Maison,321000,25,12840,94071,48.765077,2.520484
2019-783272,2019-12-18,2019,Maison,720000,150,4800,94071,48.768129,2.510074
2019-783279,2019-12-17,2019,Appartement,218000,45,4844,94071,48.771759,2.510273
2019-783300,2019-12-26,2019,Appartement,112000,24,4667,94071,48.767259,2.528705
2019-783352,2019-09-13,2019,Appartement,147000,42,3500,94071,48.770869,2.525041
2019-783360,2019-12-23,2019,Maison,363000,56,6482,94071,48.764311,2.511093
2019-783361,2019-12-23,2019,Appartement,143000,70,2043,94071,48.77511,2.529948
2019-783380,2019-12-26,2019,Appartement,143000,70,2043,94071,48.774714,2.529237
2019-783390,2019-12-30,2019,Appartement,148000,42,3524,94071,48.770988,2.519926
2019-783397,2019-12-26,2019,Maison,531000,175,3034,94071,48.758118,2.556281
2019-783405,2019-12-30,2019,Appartement,148000,39,3795,94071,48.770988,2.519926
2019-783413,2019-12-30,2019,Appartement,143840,61,2358,94071,48.767259,2.528705
2019-783451,2019-12-17,2019,Appartement,235000,64,3672,94071,48.779618,2.510823
2019-783454,2019-12-23,2019,Appartement,118000,39,3026,94071,48.77055,2.520944
2019-783473,2019-12-30,2019,Maison,426000,78,5462,94071,48.758668,2.530111
2019-783513,2019-12-30,2019,Maison,422250,129,3273,94071,48.776463,2.510847
2019-783529,2019-12-30,2019,Maison,260000,45,5778,94071,48.779111,2.512164
2019-783530,2019-12-26,2019,Appartement,105000,22,4773,94071,48.769957,2.520669
2020-1379417,2020-01-06,2020,Maison,400000,110,3636,94071,48.771012,2.539093
2020-1379423,2020-01-10,2020,Maison,595000,120,4958,94071,48.769303,2.521515
2020-1379427,2020-01-03,2020,Appartement,248000,70,3543,94071,48.773068,2.521966
2020-1379431,2020-01-15,2020,Appartement,165000,57,2895,94071,48.771842,2.520675
2020-1379432,2020-01-06,2020,Maison,471260,120,3927,94071,48.779769,2.516059
2020-1379435,2020-01-10,2020,Maison,140400,122,1151,94071,48.76298,2.537923
2020-1379444,2020-01-20,2020,Maison,585000,107,5467,94071,48.762912,2.514466
2020-1379479,2020-01-13,2020,Maison,624000,82,7610,94071,48.773545,2.512549
2020-1379481,2020-01-14,2020,Appartement,120000,29,4138,94071,48.769549,2.522133
2020-1379482,2020-01-14,2020,Appartement,125000,34,3676,94071,48.768975,2.521782
2020-1379487,2020-01-17,2020,Maison,730000,185,3946,94071,48.767354,2.517757
2020-1379497,2020-01-09,2020,Appartement,140600,40,3515,94071,48.774714,2.529237
2020-1379506,2020-01-24,2020,Appartement,153000,57,2684,94071,48.771842,2.520675
2020-1379539,2020-01-08,2020,Appartement,145000,34,4265,94071,48.766586,2.508515
2020-1379547,2020-01-14,2020,Maison,380000,100,3800,94071,48.770882,2.529229
2020-1379560,2020-01-17,2020,Appartement,190000,34,5588,94071,48.77094,2.527167
2020-1379564,2020-01-03,2020,Appartement,145000,34,4265,94071,48.769957,2.520669
2020-1379570,2020-01-10,2020,Appartement,227000,72,3153,94071,48.77094,2.527167
2020-1379578,2020-01-29,2020,Maison,540000,121,4463,94071,48.775527,2.51078
2020-1379583,2020-01-28,2020,Maison,370000,89,4157,94071,48.760004,2.548775
2020-1379592,2020-01-29,2020,Appartement,250000,68,3676,94071,48.772577,2.525787
2020-1379593,2020-01-24,2020,Appartement,225000,62,3629,94071,48.769573,2.537343
2020-1379599,2020-01-28,2020,Maison,411490,142,2898,94071,48.756927,2.551233
2020-1379609,2020-01-23,2020,Appartement,171000,42,4071,94071,48.770869,2.525041
2020-1379630,2020-01-28,2020,Appartement,250000,71,3521,94071,48.766693,2.528216
2020-1379649,2020-01-30,2020,Maison,847300,190,4459,94071,48.777805,2.517412
2020-1379660,2020-01-29,2020,Maison,340000,100,3400,94071,48.755752,2.537582
2020-1379690,2020-01-30,2020,Maison,587000,143,4105,94071,48.765043,2.51546
2020-1379700,2020-02-06,2020,Maison,418000,80,5225,94071,48.7644,2.516431
2020-1379702,2020-01-31,2020,Appartement,155000,81,1914,94071,48.77511,2.529948
2020-1379713,2020-01-30,2020,Maison,440000,123,3577,94071,48.776286,2.512863
2020-1379762,2020-01-20,2020,Appartement,295000,87,3391,94071,48.77094,2.527167
2020-1379770,2020-01-30,2020,Appartement,191500,48,3990,94071,48.766792,2.532928
2020-1379782,2020-02-03,2020,Maison,359000,87,4126,94071,48.755729,2.531649
2020-1379814,2020-01-29,2020,Appartement,163000,70,2329,94071,48.77511,2.529948
2020-1379818,2020-01-21,2020,Appartement,240000,73,3288,94071,48.766693,2.528216
2020-1379824,2020-01-30,2020,Maison,83500,93,898,94071,48.757895,2.551648
2020-1379825,2020-02-07,2020,Appartement,135000,83,1627,94071,48.774714,2.529237
2020-1379836,2020-02-07,2020,Appartement,190000,53,3585,94071,48.764642,2.512126
2020-1379840,2020-02-17,2020,Appartement,165000,64,2578,94071,48.785382,2.516611
2020-1379850,2020-02-03,2020,Appartement,175000,83,2108,94071,48.774714,2.529237
2020-1379854,2020-02-17,2020,Appartement,262700,83,3165,94071,48.770986,2.51008
2020-1379857,2020-02-07,2020,Maison,443000,65,6815,94071,48.764507,2.529991
2020-1379864,2020-02-17,2020,Appartement,175000,45,3889,94071,48.770302,2.522662
2020-1379884,2020-02-21,2020,Appartement,170000,83,2048,94071,48.774714,2.529237
2020-1379933,2020-02-25,2020,Appartement,165000,84,1964,94071,48.774714,2.529237
2020-1379938,2020-02-21,2020,Maison,160000,103,1553,94071,48.77994,2.515574
2020-1379944,2020-02-21,2020,Appartement,367000,82,4476,94071,48.771708,2.511008
2020-1379960,2020-02-27,2020,Maison,450050,100,4500,94071,48.765282,2.525364
2020-1379971,2020-01-29,2020,Appartement,137500,32,4297,94071,48.766792,2.532928
2020-1379998,2020-02-28,2020,Maison,510000,124,4113,94071,48.771482,2.535034
2020-1380003,2020-02-20,2020,Appartement,355000,80,4438,94071,48.772021,2.532122
2020-1380020,2020-02-28,2020,Appartement,150000,36,4167,94071,48.769262,2.519726
2020-1380021,2020-02-28,2020,Appartement,250000,61,4098,94071,48.767259,2.528705
2020-1380030,2020-02-10,2020,Maison,422900,126,3356,94071,48.768393,2.509764
2020-1380072,2020-02-21,2020,Maison,431000,91,4736,94071,48.771482,2.535034
2020-1380122,2020-02-24,2020,Maison,437000,122,3582,94071,48.767366,2.533954
2020-1380134,2020-02-26,2020,Appartement,148000,57,2596,94071,48.771842,2.520675
2020-1380137,2020-02-21,2020,Maison,410000,142,2887,94071,48.763866,2.532736
2020-1380155,2020-03-06,2020,Appartement,139000,29,4793,94071,48.769549,2.522133
2020-1380274,2020-03-20,2020,Appartement,154000,70,2200,94071,48.77511,2.529948
2020-1380296,2020-02-27,2020,Appartement,158000,69,2290,94071,48.77347,2.51847
2020-1380344,2020-02-14,2020,Maison,554700,154,3602,94071,48.755291,2.557541
2020-1380357,2020-03-04,2020,Maison,525000,179,2933,94071,48.775429,2.512915
2020-1380367,2020-03-05,2020,Maison,486700,85,5726,94071,48.770852,2.512414
2020-1380425,2020-03-12,2020,Appartement,203000,64,3172,94071,48.785382,2.516611
2020-1380429,2020-03-19,2020,Appartement,256606,60,4277,94071,48.771759,2.510273
2020-1380433,2020-03-11,2020,Maison,465280,90,5170,94071,48.763695,2.51138
2020-1380454,2020-03-16,2020,Appartement,179990,62,2903,94071,48.770869,2.525041
2020-1380460,2020-03-26,2020,Appartement,139000,70,1986,94071,48.774714,2.529237
2020-1380462,2020-04-17,2020,Appartement,235000,83,2831,94071,48.785382,2.516611
2020-1380476,2020-04-03,2020,Maison,462000,113,4088,94071,48.760199,2.552177
2020-1380487,2020-04-24,2020,Maison,540000,129,4186,94071,48.778545,2.515137
2020-1380490,2020-04-09,2020,Maison,240000,39,6154,94071,48.763598,2.520774
2020-1380494,2020-04-03,2020,Appartement,185000,45,4111,94071,48.769243,2.510943
2020-1380497,2020-03-11,2020,Maison,256900,56,4588,94071,48.764248,2.530782
2020-1380502,2020-03-04,2020,Appartement,175855,60,2931,94071,48.771759,2.510273
2020-1380508,2020-03-11,2020,Maison,376500,89,4230,94071,48.764248,2.530782
2020-1380513,2020-04-10,2020,Appartement,130000,101,1287,94071,48.785382,2.516611
2020-1380521,2020-05-04,2020,Maison,468500,123,3809,94071,48.771091,2.532518
2020-1380525,2020-03-16,2020,Maison,248020,76,3263,94071,48.760846,2.55039
2020-1380549,2020-04-22,2020,Maison,243000,57,4263,94071,48.76557,2.521421
2020-1380551,2020-03-19,2020,Appartement,174000,62,2806,94071,48.785382,2.516611
2020-1380563,2020-05-11,2020,Maison,597000,160,3731,94071,48.76226,2.530462
2020-1380570,2020-05-04,2020,Maison,559000,156,3583,94071,48.765184,2.518773
2020-1380588,2020-05-15,2020,Appartement,320000,81,3951,94071,48.76737,2.533648
2020-1380592,2020-05-15,2020,Maison,830000,300,2767,94071,48.767269,2.523485
2020-1380604,2020-05-13,2020,Maison,100000,103,971,94071,48.77994,2.515574
2020-1380605,2020-05-11,2020,Maison,657000,137,4796,94071,48.766619,2.519907
2020-1380614,2020-05-19,2020,Maison,354000,84,4214,94071,48.780306,2.517807
2020-1380631,2020-05-15,2020,Appartement,152000,35,4343,94071,48.766586,2.508515
2020-1380639,2020-05-20,2020,Appartement,213000,67,3179,94071,48.770986,2.51008
2020-1380668,2020-05-25,2020,Maison,345000,112,3080,94071,48.766181,2.526221
2020-1380681,2020-05-15,2020,Maison,400000,70,5714,94071,48.76551,2.518957
2020-1380682,2020-05-25,2020,Appartement,120000,58,2069,94071,48.77511,2.529948
2020-1380683,2020-05-14,2020,Maison,423400,120,3528,94071,48.779321,2.512631
2020-1380690,2020-05-18,2020,Maison,344500,90,3828,94071,48.777961,2.51387
2020-1380706,2020-04-30,2020,Maison,580000,194,2990,94071,48.755559,2.559166
2020-1380711,2020-05-19,2020,Appartement,185000,62,2984,94071,48.770869,2.525041
2020-1380723,2020-05-25,2020,Appartement,150000,53,2830,94071,48.776279,2.522352
2020-1380725,2020-05-29,2020,Appartement,160000,28,5714,94071,48.769549,2.522133
2020-1380727,2020-05-28,2020,Maison,420500,64,6570,94071,48.775532,2.517673
2020-1380728,2020-04-30,2020,Maison,366800,46,7974,94071,48.76152,2.52907
2020-1380739,2020-05-19,2020,Appartement,135000,55,2455,94071,48.77511,2.529948
2020-1380742,2020-05-25,2020,Maison,650000,149,4362,94071,48.772783,2.509812
2020-1380744,2020-05-29,2020,Maison,565000,151,3742,94071,48.762264,2.522579
2020-1380745,2020-05-29,2020,Maison,660000,179,3687,94071,48.768837,2.518163
2020-1380762,2020-06-03,2020,Appartement,190000,45,4222,94071,48.769549,2.522133
2020-1380769,2020-06-04,2020,Appartement,262000,46,5696,94071,48.771708,2.511008
2020-1380773,2020-05-15,2020,Maison,280000,80,3500,94071,48.772431,2.515811
2020-1380782,2020-04-24,2020,Maison,653000,124,5266,94071,48.768748,2.511878
2020-1380790,2020-05-18,2020,Appartement,237000,73,3247,94071,48.766693,2.528216
2020-1380799,2020-05-29,2020,Maison,439000,109,4028,94071,48.755782,2.53339
2020-1380800,2020-05-29,2020,Appartement,207000,64,3234,94071,48.779618,2.510823
2020-1380813,2020-05-30,2020,Maison,300000,72,4167,94071,48.768801,2.527333
2020-1380815,2020-05-04,2020,Appartement,108000,54,2000,94071,48.77511,2.529948
2020-1380817,2020-05-25,2020,Maison,560000,189,2963,94071,48.767746,2.525733
2020-1380826,2020-05-25,2020,Appartement,141880,29,4892,94071,48.767259,2.528705
2020-1380880,2020-06-05,2020,Maison,326000,54,6037,94071,48.757001,2.528541
2020-1380890,2020-06-11,2020,Appartement,97405,67,1454,94071,48.770986,2.51008
2020-1380906,2020-05-18,2020,Appartement,260000,59,4407,94071,48.771784,2.522928
2020-1380925,2020-05-28,2020,Appartement,110000,23,4783,94071,48.769622,2.520774
2020-1380962,2020-06-17,2020,Appartement,220000,83,2651,94071,48.785382,2.516611
2020-1380973,2020-06-11,2020,Maison,265000,66,4015,94071,48.7592,2.555503
2020-1381007,2020-06-11,2020,Appartement,351000,94,3734,94071,48.769422,2.520274
2020-1381011,2020-06-19,2020,Maison,370000,139,2662,94071,48.756698,2.548209
2020-1381017,2020-05-27,2020,Appartement,229000,46,4978,94071,48.769549,2.522133
2020-1381025,2020-05-27,2020,Maison,385000,72,5347,94071,48.777237,2.513864
2020-1381069,2020-06-24,2020,Appartement,124000,26,4769,94071,48.775009,2.52781
2020-1381081,2020-06-05,2020,Appartement,229000,58,3948,94071,48.772577,2.525787
2020-1381085,2020-06-09,2020,Appartement,163000,39,4179,94071,48.77055,2.520944
2020-1381088,2020-06-08,2020,Appartement,222200,58,3831,94071,48.772577,2.525787
2020-1381090,2020-06-03,2020,Maison,307020,110,2791,94071,48.76852,2.51148
2020-1381097,2020-06-26,2020,Maison,130000,28,4643,94071,48.755586,2.53157
2020-1381103,2020-06-29,2020,Appartement,32000,50,640,94071,48.767259,2.528705
2020-1381106,2020-05-29,2020,Maison,347000,56,6196,94071,48.764325,2.534613
2020-1381108,2020-06-26,2020,Appartement,135000,27,5000,94071,48.77009,2.508006
2020-1381130,2020-06-30,2020,Appartement,148600,39,3810,94071,48.768856,2.524035
2020-1381146,2020-06-29,2020,Appartement,200000,80,2500,94071,48.774714,2.529237
2020-1381188,2020-06-25,2020,Appartement,276100,83,3327,94071,48.785382,2.516611
2020-1381215,2020-06-19,2020,Maison,580000,146,3973,94071,48.757273,2.560538
2020-1381216,2020-06-11,2020,Maison,329000,65,5062,94071,48.756513,2.540552
2020-1381235,2020-07-03,2020,Maison,463000,110,4209,94071,48.766622,2.534921
2020-1381258,2020-06-24,2020,Maison,430000,75,5733,94071,48.763635,2.526361
2020-1381259,2020-07-06,2020,Maison,344500,80,4306,94071,48.760114,2.547222
2020-1381265,2020-06-29,2020,Appartement,90000,19,4737,94071,48.776657,2.510969
2020-1381281,2020-07-09,2020,Maison,240000,52,4615,94071,48.76568,2.516445
2020-1381328,2020-07-08,2020,Appartement,188000,65,2892,94071,48.771842,2.520675
2020-1381366,2020-06-25,2020,Appartement,258000,71,3634,94071,48.76737,2.533648
2020-1381368,2020-07-10,2020,Appartement,190000,70,2714,94071,48.770986,2.51008
2020-1381369,2020-07-10,2020,Maison,278925,56,4981,94071,48.764248,2.530782
2020-1381387,2020-07-17,2020,Appartement,134500,55,2445,94071,48.77511,2.529948
2020-1381418,2020-07-17,2020,Appartement,300000,84,3571,94071,48.76737,2.533648
2020-1381419,2020-07-17,2020,Maison,451500,132,3420,94071,48.765222,2.531592
2020-1381438,2020-07-07,2020,Appartement,165000,56,2946,94071,48.77094,2.527167
2020-1381458,2020-07-10,2020,Appartement,250000,83,3012,94071,48.785382,2.516611
2020-1381465,2020-07-08,2020,Maison,408000,85,4800,94071,48.769129,2.514295
2020-1381481,2020-07-07,2020,Maison,485000,106,4575,94071,48.763609,2.534086
2020-1381488,2020-07-17,2020,Appartement,151000,51,2961,94071,48.770869,2.525041
2020-1381525,2020-06-23,2020,Appartement,172500,47,3670,94071,48.767259,2.528705
2020-1381529,2020-07-24,2020,Maison,341000,98,3480,94071,48.774981,2.534209
2020-1381542,2020-07-10,2020,Maison,560000,150,3733,94071,48.763315,2.531936
2020-1381561,2020-07-08,2020,Maison,339000,93,3645,94071,48.756698,2.548209
2020-1381571,2020-07-17,2020,Appartement,310000,80,3875,94071,48.77094,2.527167
2020-1381586,2020-07-10,2020,Appartement,153000,70,2186,94071,48.774714,2.529237
2020-1381587,2020-07-28,2020,Appartement,253000,83,3048,94071,48.785382,2.516611
2020-1381626,2020-07-10,2020,Maison,459710,115,3997,94071,48.756422,2.541793
2020-1381651,2020-07-29,2020,Maison,291262,60,4854,94071,48.764752,2.521649
2020-1381661,2020-06-30,2020,Maison,430000,102,4216,94071,48.76344,2.533473
2020-1381662,2020-07-31,2020,Appartement,195000,67,2910,94071,48.770986,2.51008
2020-1381670,2020-07-03,2020,Maison,442326,110,4021,94071,48.767572,2.535043
2020-1381690,2020-07-21,2020,Appartement,212000,71,2986,94071,48.766693,2.528216
2020-1381700,2020-07-31,2020,Maison,625000,146,4281,94071,48.773797,2.511946
2020-1381706,2020-07-30,2020,Appartement,172000,88,1955,94071,48.775918,2.522424
2020-1381716,2020-07-29,2020,Maison,470000,110,4273,94071,48.764169,2.511376
2020-1381732,2020-08-03,2020,Maison,422850,121,3495,94071,48.766304,2.527617
2020-1381756,2020-08-04,2020,Maison,310000,58,5345,94071,48.761705,2.524408
2020-1381771,2020-07-17,2020,Appartement,245125,68,3605,94071,48.772577,2.525787
2020-1381814,2020-07-31,2020,Appartement,140000,22,6364,94071,48.769815,2.521868
2020-1381827,2020-07-20,2020,Appartement,157000,34,4618,94071,48.77094,2.527167
2020-1381856,2020-08-04,2020,Maison,413220,76,5437,94071,48.779408,2.518287
2020-1381877,2020-08-10,2020,Maison,428000,171,2503,94071,48.756152,2.541814
2020-1381885,2020-08-03,2020,Maison,450000,146,3082,94071,48.757177,2.528388
2020-1381887,2020-08-12,2020,Maison,561766,150,3745,94071,48.756156,2.55186
2020-1381890,2020-07-24,2020,Maison,524000,136,3853,94071,48.774893,2.509018
2020-1381914,2020-08-03,2020,Appartement,218000,72,3028,94071,48.77094,2.527167
2020-1381933,2020-08-19,2020,Maison,760000,203,3744,94071,48.766357,2.51849
2020-1381944,2020-08-28,2020,Maison,475000,125,3800,94071,48.77218,2.53453
2020-1381951,2020-08-26,2020,Maison,507200,137,3702,94071,48.77218,2.53453
2020-1381966,2020-08-21,2020,Maison,396000,88,4500,94071,48.77924,2.519577
2020-1381975,2020-08-04,2020,Maison,592000,120,4933,94071,48.76375,2.525402
2020-1381976,2020-08-04,2020,Maison,362120,60,6035,94071,48.764676,2.512365
2020-1381987,2020-08-06,2020,Maison,383500,121,3169,94071,48.769211,2.518926
2020-1382026,2020-09-07,2020,Appartement,195000,59,3305,94071,48.769573,2.537343
2020-1382029,2020-09-04,2020,Appartement,166000,40,4150,94071,48.773068,2.521966
2020-1382034,2020-08-10,2020,Maison,513000,145,3538,94071,48.763934,2.51836
2020-1382045,2020-09-08,2020,Appartement,213500,60,3558,94071,48.767259,2.528705
2020-1382056,2020-08-17,2020,Appartement,181000,58,3121,94071,48.771842,2.520675
2020-1382085,2020-09-10,2020,Appartement,275000,72,3819,94071,48.77094,2.527167
2020-1382092,2020-09-09,2020,Appartement,250000,83,3012,94071,48.785382,2.516611
2020-1382110,2020-09-08,2020,Maison,470600,84,5602,94071,48.767665,2.527316
2020-1382126,2020-09-15,2020,Appartement,250000,67,3731,94071,48.770986,2.51008
2020-1382140,2020-09-16,2020,Maison,471993,142,3324,94071,48.756619,2.550539
2020-1382146,2020-09-11,2020,Maison,500000,106,4717,94071,48.767336,2.50994
2020-1382154,2020-09-10,2020,Maison,180000,37,4865,94071,48.762666,2.526803
2020-1382160,2020-09-17,2020,Appartement,219000,63,3476,94071,48.766693,2.528216
2020-1382166,2020-09-09,2020,Appartement,323000,79,4089,94071,48.772021,2.532122
2020-1382186,2020-08-28,2020,Appartement,170000,70,2429,94071,48.768856,2.524035
2020-1382230,2020-09-04,2020,Maison,430000,73,5890,94071,48.756231,2.538406
2020-1382242,2020-09-18,2020,Maison,746000,226,3301,94071,48.774594,2.53448
2020-1382245,2020-09-17,2020,Maison,371000,57,6509,94071,48.772517,2.532167
2020-1382270,2020-09-16,2020,Appartement,220000,94,2340,94071,48.774714,2.529237
2020-1382272,2020-09-22,2020,Appartement,605000,163,3712,94071,48.772242,2.510523
2020-1382290,2020-09-24,2020,Maison,530000,93,5699,94071,48.766163,2.511355
2020-1382291,2020-09-24,2020,Appartement,245000,68,3603,94071,48.772577,2.525787
2020-1382292,2020-09-21,2020,Maison,685500,147,4663,94071,48.765928,2.509904
2020-1382300,2020-09-25,2020,Maison,626950,110,5700,94071,48.780596,2.517858
2020-1382301,2020-09-22,2020,Maison,630300,34,18538,94071,48.774297,2.513767
2020-1382303,2020-09-25,2020,Maison,729000,227,3211,94071,48.760636,2.525728
2020-1382350,2020-09-28,2020,Appartement,199920,62,3225,94071,48.770869,2.525041
2020-1382359,2020-09-29,2020,Appartement,183000,45,4067,94071,48.767259,2.528705
2020-1382410,2020-09-28,2020,Maison,306000,47,6511,94071,48.75973,2.552229
2020-1382413,2020-09-21,2020,Appartement,310000,78,3974,94071,48.769247,2.523063
2020-1382430,2020-10-02,2020,Appartement,166300,27,6159,94071,48.772021,2.532122
2020-1382445,2020-10-05,2020,Appartement,175000,51,3431,94071,48.779618,2.510823
2020-1382464,2020-10-06,2020,Maison,450000,105,4286,94071,48.769464,2.538448
2020-1382489,2020-09-15,2020,Maison,340600,67,5084,94071,48.76585,2.5258
2020-1382507,2020-09-11,2020,Appartement,127000,70,1814,94071,48.774714,2.529237
2020-1382512,2020-09-25,2020,Appartement,262000,83,3157,94071,48.785382,2.516611
2020-1382514,2020-09-25,2020,Maison,669000,150,4460,94071,48.76309,2.511682
2020-1382515,2020-09-25,2020,Maison,321905,63,5110,94071,48.756303,2.53752
2020-1382521,2020-10-09,2020,Maison,434500,100,4345,94071,48.771001,2.529241
2020-1382536,2020-10-13,2020,Maison,480000,204,2353,94071,48.763954,2.526819
2020-1382541,2020-10-02,2020,Maison,560000,108,5185,94071,48.771438,2.513882
2020-1382545,2020-10-08,2020,Maison,866140,195,4442,94071,48.764473,2.51709
2020-1382548,2020-09-30,2020,Maison,348290,91,3827,94071,48.771482,2.535034
2020-1382549,2020-09-29,2020,Appartement,169050,51,3315,94071,48.779618,2.510823
2020-1382556,2020-10-07,2020,Maison,535000,100,5350,94071,48.776164,2.516563
2020-1382568,2020-10-12,2020,Maison,550000,110,5000,94071,48.780311,2.51979
2020-1382570,2020-09-15,2020,Appartement,235450,72,3270,94071,48.77094,2.527167
2020-1382586,2020-09-15,2020,Appartement,210000,62,3387,94071,48.769573,2.537343
2020-1382592,2020-09-28,2020,Appartement,110000,53,2075,94071,48.776279,2.522352
2020-1382606,2020-10-15,2020,Maison,424800,112,3793,94071,48.779583,2.516183
2020-1382629,2020-10-01,2020,Maison,540220,138,3915,94071,48.766363,2.537119
2020-1382630,2020-10-09,2020,Appartement,225000,64,3516,94071,48.785382,2.516611
2020-1382660,2020-10-07,2020,Maison,750000,137,5474,94071,48.763469,2.535751
2020-1382662,2020-09-24,2020,Maison,325000,49,6633,94071,48.779107,2.52213
2020-1382663,2020-09-29,2020,Maison,280000,88,3182,94071,48.775202,2.508698
2020-1382670,2020-10-14,2020,Maison,825000,208,3966,94071,48.774876,2.514462
2020-1382683,2020-10-12,2020,Appartement,90000,31,2903,94071,48.77511,2.529948
2020-1382704,2020-09-30,2020,Maison,510000,124,4113,94071,48.771482,2.535034
2020-1382714,2020-10-20,2020,Maison,498000,135,3689,94071,48.780156,2.516275
2020-1382725,2020-09-28,2020,Appartement,99000,23,4304,94071,48.769422,2.520274
2020-1382739,2020-09-30,2020,Appartement,233000,63,3698,94071,48.769549,2.522133
2020-1382766,2020-10-08,2020,Maison,477000,94,5074,94071,48.765881,2.512032
2020-1382801,2020-09-30,2020,Maison,498000,94,5298,94071,48.779025,2.516034
2020-1382803,2020-10-02,2020,Maison,575000,115,5000,94071,48.766611,2.518863
2020-1382808,2020-10-09,2020,Appartement,150000,70,2143,94071,48.774714,2.529237
2020-1382814,2020-10-19,2020,Maison,630880,210,3004,94071,48.764403,2.530952
2020-1382818,2020-09-30,2020,Maison,390000,86,4535,94071,48.771149,2.539021
2020-1382834,2020-10-21,2020,Appartement,370560,76,4876,94071,48.773025,2.50975
2020-1382840,2020-10-29,2020,Maison,573230,82,6991,94071,48.779707,2.519511
2020-1382850,2020-10-16,2020,Maison,704150,173,4070,94071,48.780344,2.518441
2020-1382871,2020-10-30,2020,Appartement,280000,70,4000,94071,48.772402,2.510709
2020-1382872,2020-11-02,2020,Maison,405000,66,6136,94071,48.760197,2.553642
2020-1382873,2020-10-23,2020,Maison,300000,86,3488,94071,48.757026,2.528136
2020-1382899,2020-11-02,2020,Appartement,375000,29,12931,94071,48.770444,2.519929
2020-1382917,2020-10-08,2020,Maison,850000,170,5000,94071,48.776671,2.518133
2020-1382932,2020-10-16,2020,Maison,520000,70,7429,94071,48.765675,2.508431
2020-1382949,2020-11-06,2020,Maison,494000,103,4796,94071,48.774749,2.518505
2020-1382950,2020-11-06,2020,Appartement,145000,28,5179,94071,48.769549,2.522133
2020-1382961,2020-11-06,2020,Maison,495000,95,5211,94071,48.77507,2.511837
2020-1382972,2020-10-21,2020,Maison,300000,70,4286,94071,48.770159,2.50957
2020-1383039,2020-11-13,2020,Maison,518200,134,3867,94071,48.77211,2.512072
2020-1383062,2020-11-16,2020,Appartement,170000,58,2931,94071,48.77511,2.529948
2020-1383064,2020-11-16,2020,Maison,803000,150,5353,94071,48.75614,2.552499
2020-1383094,2020-10-28,2020,Maison,366000,127,2882,94071,48.756698,2.548209
2020-1383172,2020-11-05,2020,Maison,520000,147,3537,94071,48.776239,2.521527
2020-1383187,2020-11-05,2020,Appartement,289000,79,3658,94071,48.779618,2.510823
2020-1383209,2020-11-05,2020,Maison,739480,229,3229,94071,48.762796,2.520596
2020-1383210,2020-11-26,2020,Appartement,240000,68,3529,94071,48.772577,2.525787
2020-1383215,2020-11-24,2020,Appartement,131500,22,5977,94071,48.767259,2.528705
2020-1383222,2020-11-03,2020,Maison,326350,72,4533,94071,48.757845,2.529162
2020-1383231,2020-11-02,2020,Appartement,213000,69,3087,94071,48.771842,2.520675
2020-1383239,2020-10-30,2020,Appartement,194000,55,3527,94071,48.77055,2.520944
2020-1383249,2020-11-16,2020,Maison,447500,81,5525,94071,48.762858,2.525718
2020-1383263,2020-11-27,2020,Appartement,140000,57,2456,94071,48.77511,2.529948
2020-1383272,2020-12-01,2020,Maison,415000,91,4560,94071,48.773504,2.535127
2020-1383290,2020-11-13,2020,Maison,494150,157,3147,94071,48.757432,2.554399
2020-1383356,2020-11-30,2020,Appartement,107416,45,2387,94071,48.767259,2.528705
2020-1383372,2020-12-04,2020,Maison,770000,115,6696,94071,48.772317,2.514979
2020-1383374,2020-11-25,2020,Appartement,220500,56,3938,94071,48.774443,2.527807
2020-1383419,2020-12-01,2020,Maison,577000,87,6632,94071,48.769757,2.516987
2020-1383432,2020-12-10,2020,Appartement,325000,70,4643,94071,48.770885,2.520508
2020-1383447,2020-12-11,2020,Appartement,267000,72,3708,94071,48.77094,2.527167
2020-1383456,2020-12-15,2020,Maison,749505,195,3844,94071,48.773541,2.508834
2020-1383462,2020-12-07,2020,Maison,285000,68,4191,94071,48.761184,2.530579
2020-1383483,2020-12-14,2020,Appartement,283000,72,3931,94071,48.767259,2.528705
2020-1383513,2020-12-17,2020,Maison,546600,85,6431,94071,48.775024,2.512194
2020-1383521,2020-12-18,2020,Maison,405000,98,4133,94071,48.756698,2.548209
2020-1383525,2020-12-11,2020,Maison,480000,123,3902,94071,48.767535,2.526719
2020-1383541,2020-12-01,2020,Maison,311000,28,11107,94071,48.766005,2.512065
2020-1383564,2020-12-18,2020,Appartement,216610,64,3385,94071,48.785382,2.516611
2020-1383583,2020-12-01,2020,Maison,340000,50,6800,94071,48.756772,2.530681
2020-1383628,2020-12-23,2020,Appartement,290000,81,3580,94071,48.772498,2.518166
2020-1383629,2020-12-22,2020,Appartement,225000,68,3309,94071,48.772577,2.525787
2020-1383630,2020-12-22,2020,Maison,240000,31,7742,94071,48.762367,2.523003
2020-1383633,2020-12-04,2020,Maison,490190,131,3742,94071,48.77916,2.512682
2020-1383661,2020-12-19,2020,Maison,453659,58,7822,94071,48.774768,2.508701
2020-1383685,2020-12-23,2020,Appartement,158000,51,3098,94071,48.779618,2.510823
2020-1383696,2020-12-21,2020,Appartement,247000,61,4049,94071,48.774443,2.527807
2020-1383700,2020-12-12,2020,Maison,432000,109,3963,94071,48.760594,2.526587
2020-1383715,2020-12-15,2020,Maison,523500,124,4222,94071,48.762375,2.510027
2020-1383727,2020-12-21,2020,Maison,730150,170,4295,94071,48.767859,2.509366
2020-1383753,2020-12-18,2020,Maison,580000,180,3222,94071,48.768337,2.528734
2020-1383768,2020-12-29,2020,Maison,305700,64,4777,94071,48.775262,2.515636
2020-1383770,2020-12-23,2020,Maison,360000,81,4444,94071,48.772553,2.528545
2020-1383864,2020-12-18,2020,Maison,440000,81,5432,94071,48.778074,2.519222
2020-1383891,2020-12-30,2020,Maison,431950,112,3857,94071,48.779846,2.519006
2021-1619553,2021-04-30,2021,Appartement,230015,83,2771,94071,48.785382,2.516611
2021-1619687,2021-05-28,2021,Maison,326335,120,2719,94071,48.778953,2.510898
2021-1619711,2021-05-19,2021,Maison,364501,50,7290,94071,48.774538,2.509534
2021-1619824,2021-05-27,2021,Appartement,180000,62,2903,94071,48.770869,2.525041
2021-1619878,2021-05-03,2021,Maison,690000,144,4792,94071,48.769715,2.519902
2021-1619983,2021-05-27,2021,Maison,475000,145,3276,94071,48.758628,2.529298
2021-1620199,2021-05-12,2021,Maison,345000,95,3632,94071,48.760904,2.549673
2021-1620200,2021-06-02,2021,Appartement,252000,62,4065,94071,48.767259,2.528705
2021-1620236,2021-05-18,2021,Maison,482000,47,10255,94071,48.777877,2.511362
2021-1620319,2021-05-28,2021,Appartement,168500,48,3510,94071,48.773068,2.521966
2021-1620390,2021-05-31,2021,Maison,390000,90,4333,94071,48.757639,2.531042
2021-1620588,2021-05-17,2021,Maison,342000,50,6840,94071,48.760763,2.550815
2021-1620653,2021-06-01,2021,Appartement,142500,63,2262,94071,48.77511,2.529948
2021-1620683,2021-05-21,2021,Appartement,238000,58,4103,94071,48.772577,2.525787
2021-1620848,2021-05-31,2021,Maison,535000,102,5245,94071,48.777846,2.517157
2021-1620946,2021-06-01,2021,Appartement,178000,70,2543,94071,48.774714,2.529237
2021-1621039,2021-06-10,2021,Appartement,105000,67,1567,94071,48.770986,2.51008
2021-1621042,2021-05-25,2021,Appartement,189000,49,3857,94071,48.773775,2.508255
2021-1621046,2021-06-09,2021,Appartement,250000,74,3378,94071,48.77055,2.520944
2021-1621056,2021-06-10,2021,Maison,431400,111,3886,94071,48.763567,2.532515
2021-1621058,2021-06-09,2021,Maison,377150,55,6857,94071,48.77525,2.509717
2021-1621161,2021-05-26,2021,Maison,395000,51,7745,94071,48.774868,2.532831
2021-1621170,2021-06-08,2021,Appartement,157000,57,2754,94071,48.77511,2.529948
2021-1621467,2021-06-01,2021,Maison,515000,137,3759,94071,48.766284,2.536637
2021-1621695,2021-06-11,2021,Appartement,280000,78,3590,94071,48.769549,2.522133
2021-1621736,2021-06-02,2021,Maison,520420,147,3540,94071,48.762485,2.529747
2021-1621801,2021-06-04,2021,Appartement,165000,70,2357,94071,48.774714,2.529237
2021-1621873,2021-06-25,2021,Appartement,218000,64,3406,94071,48.785382,2.516611
2021-1621878,2021-06-28,2021,Maison,465000,137,3394,94071,48.766022,2.531516
2021-1621964,2021-06-22,2021,Appartement,143430,67,2141,94071,48.770986,2.51008
2021-1622161,2021-06-29,2021,Maison,490000,139,3525,94071,48.766247,2.530999
2021-1622247,2021-06-29,2021,Maison,548000,106,5170,94071,48.764326,2.531212
2021-1622319,2021-06-23,2021,Appartement,62500,30,2083,94071,48.77511,2.529948
2021-1622385,2021-06-21,2021,Appartement,221000,57,3877,94071,48.767259,2.528705
2021-1622495,2021-06-30,2021,Maison,449450,91,4939,94071,48.770542,2.537471
2021-1622503,2021-06-25,2021,Appartement,122000,30,4067,94071,48.769549,2.522133
2021-1622533,2021-06-29,2021,Appartement,157800,45,3507,94071,48.773068,2.521966
2021-1622663,2021-07-01,2021,Maison,546000,135,4044,94071,48.764312,2.50884
2021-1622671,2021-07-02,2021,Maison,294000,66,4455,94071,48.756443,2.540006
2021-1622673,2021-07-01,2021,Maison,414000,92,4500,94071,48.779508,2.51223
2021-1622696,2021-06-30,2021,Maison,385000,75,5133,94071,48.763548,2.529093
2021-1622775,2021-07-01,2021,Maison,620000,165,3758,94071,48.769446,2.511632
2021-1622808,2021-06-23,2021,Appartement,240000,83,2892,94071,48.770986,2.51008
2021-1622877,2021-07-06,2021,Maison,370000,93,3978,94071,48.756681,2.550178
2021-1622979,2021-06-28,2021,Maison,366950,62,5919,94071,48.770283,2.505588
2021-1623008,2021-06-25,2021,Maison,650000,177,3672,94071,48.757697,2.54207
2021-1623050,2021-07-01,2021,Maison,393000,49,8020,94071,48.75601,2.52923
2021-1623215,2021-06-29,2021,Maison,252500,82,3079,94071,48.762598,2.534307
2021-1623363,2021-06-23,2021,Maison,463000,132,3508,94071,48.767198,2.537502
2021-1623372,2021-07-02,2021,Appartement,210500,81,2599,94071,48.771842,2.520675
2021-1623374,2021-06-30,2021,Maison,297460,116,2564,94071,48.756287,2.558576
2021-1623377,2021-07-09,2021,Appartement,225000,62,3629,94071,48.761862,2.533367
2021-1623439,2021-07-19,2021,Appartement,239000,63,3794,94071,48.785382,2.516611
2021-1623545,2021-06-29,2021,Maison,440000,106,4151,94071,48.771036,2.536456
2021-1623669,2021-06-09,2021,Maison,670000,155,4323,94071,48.772008,2.513169
2021-1623686,2021-07-08,2021,Maison,400000,96,4167,94071,48.778011,2.516589
2021-1624044,2021-07-02,2021,Maison,570000,155,3677,94071,48.761525,2.530944
2021-1624049,2021-07-06,2021,Maison,262000,74,3541,94071,48.768771,2.518858
2021-1624171,2021-07-23,2021,Maison,360000,73,4932,94071,48.764248,2.530782
2021-1624210,2021-07-02,2021,Maison,358000,70,5114,94071,48.756672,2.538332
2021-1624246,2021-07-02,2021,Maison,563600,90,6262,94071,48.77359,2.533176
2021-1624376,2021-07-05,2021,Maison,437174,70,6245,94071,48.762687,2.532797
2021-1624387,2021-07-27,2021,Maison,541440,145,3734,94071,48.756114,2.542194
2021-1624415,2021-07-27,2021,Maison,657000,145,4531,94071,48.765188,2.516207
2021-1624527,2021-07-27,2021,Appartement,130000,83,1566,94071,48.77511,2.529948
2021-1624563,2021-07-27,2021,Appartement,240000,63,3810,94071,48.785382,2.516611
2021-1624751,2021-07-12,2021,Appartement,226620,67,3382,94071,48.769549,2.522133
2021-1625022,2021-07-15,2021,Maison,600000,119,5042,94071,48.75619,2.527787
2021-1625154,2021-07-19,2021,Appartement,328000,80,4100,94071,48.766792,2.532928
2021-1625165,2021-07-12,2021,Appartement,219500,79,2778,94071,48.770869,2.525041
2021-1625504,2021-07-29,2021,Maison,338430,77,4395,94071,48.756864,2.55088
2021-1625529,2021-08-05,2021,Maison,443000,150,2953,94071,48.770838,2.521163
2021-1625549,2021-07-30,2021,Appartement,175000,53,3302,94071,48.772021,2.532122
2021-1625564,2021-07-12,2021,Maison,648400,85,7628,94071,48.765883,2.52053
2021-1625649,2021-08-03,2021,Maison,490000,130,3769,94071,48.755466,2.537208
2021-1625664,2021-08-04,2021,Maison,386000,73,5288,94071,48.768353,2.508492
2021-1625715,2021-07-26,2021,Appartement,135000,26,5192,94071,48.767259,2.528705
2021-1625748,2021-07-15,2021,Maison,509000,124,4105,94071,48.77218,2.53453
2021-1625749,2021-07-30,2021,Appartement,173000,70,2471,94071,48.774714,2.529237
2021-1625851,2021-07-26,2021,Maison,443150,88,5036,94071,48.760271,2.54798
2021-1625918,2021-07-21,2021,Maison,615000,139,4424,94071,48.764952,2.531469
2021-1625944,2021-07-23,2021,Maison,452000,87,5195,94071,48.774043,2.530524
2021-1625970,2021-07-28,2021,Appartement,155000,70,2214,94071,48.77511,2.529948
2021-1625971,2021-07-30,2021,Appartement,165000,83,1988,94071,48.774714,2.529237
2021-1626013,2021-08-13,2021,Appartement,258000,66,3909,94071,48.769573,2.537343
2021-1626025,2021-07-29,2021,Appartement,179950,69,2608,94071,48.77347,2.51847
2021-1626054,2021-07-23,2021,Maison,360000,57,6316,94071,48.764071,2.530135
2021-1626057,2021-07-30,2021,Maison,332000,94,3532,94071,48.757018,2.549972
2021-1626208,2021-08-06,2021,Maison,322857,91,3548,94071,48.769958,2.538365
2021-1626255,2021-08-18,2021,Maison,555390,110,5049,94071,48.766273,2.522147
2021-1626262,2021-07-30,2021,Maison,425000,132,3220,94071,48.756052,2.543366
2021-1626454,2021-08-23,2021,Appartement,253000,74,3419,94071,48.767259,2.528705
2021-1626617,2021-08-04,2021,Maison,493300,140,3524,94071,48.756823,2.540098
2021-1626635,2021-08-13,2021,Maison,550000,120,4583,94071,48.761245,2.5502
2021-1626707,2021-07-30,2021,Appartement,135000,80,1688,94071,48.77511,2.529948
2021-1626720,2021-08-11,2021,Maison,504750,94,5370,94071,48.760997,2.524204
2021-1626739,2021-08-03,2021,Appartement,218000,65,3354,94071,48.767259,2.528705
2021-1626773,2021-08-27,2021,Maison,495390,114,4346,94071,48.767928,2.535834
2021-1626817,2021-07-30,2021,Maison,420000,80,5250,94071,48.758072,2.529893
2021-1626822,2021-08-06,2021,Appartement,182000,70,2600,94071,48.774714,2.529237
2021-1626848,2021-08-30,2021,Maison,655000,174,3764,94071,48.757469,2.54253
2021-1626935,2021-09-01,2021,Maison,725000,170,4265,94071,48.756508,2.53449
2021-1626984,2021-09-02,2021,Appartement,160000,40,4000,94071,48.773579,2.510946
2021-1627185,2021-08-24,2021,Maison,235000,44,5341,94071,48.780726,2.513141
2021-1627260,2021-09-06,2021,Appartement,230400,57,4042,94071,48.774443,2.527807
2021-1627318,2021-08-30,2021,Maison,582000,194,3000,94071,48.762801,2.531963
2021-1627408,2021-09-07,2021,Appartement,58000,52,1115,94071,48.770986,2.51008
2021-1627420,2021-09-09,2021,Appartement,169000,34,4971,94071,48.769615,2.51879
2021-1627470,2021-09-02,2021,Maison,747000,159,4698,94071,48.771934,2.512266
2021-1627518,2021-09-10,2021,Appartement,240000,68,3529,94071,48.772577,2.525787
2021-1627544,2021-09-03,2021,Maison,502000,101,4970,94071,48.754787,2.53657
2021-1627627,2021-08-31,2021,Maison,930900,158,5892,94071,48.766325,2.524473
2021-1627636,2021-08-17,2021,Appartement,263950,67,3940,94071,48.775009,2.52781
2021-1627637,2021-08-31,2021,Maison,467500,88,5312,94071,48.776501,2.51449
2021-1627688,2021-09-08,2021,Maison,150000,53,2830,94071,48.766458,2.516821
2021-1627745,2021-09-06,2021,Appartement,280000,65,4308,94071,48.757525,2.549989
2021-1627822,2021-09-03,2021,Maison,399000,83,4807,94071,48.76032,2.550941
2021-1627865,2021-09-03,2021,Appartement,252500,72,3507,94071,48.77094,2.527167
2021-1627965,2021-09-16,2021,Maison,658000,122,5393,94071,48.773806,2.516057
2021-1627967,2021-09-16,2021,Appartement,185000,39,4744,94071,48.773068,2.521966
2021-1627983,2021-09-06,2021,Appartement,203500,46,4424,94071,48.769549,2.522133
2021-1628087,2021-09-17,2021,Appartement,161000,34,4735,94071,48.772498,2.518166
2021-1628094,2021-09-14,2021,Appartement,306000,76,4026,94071,48.769573,2.537343
2021-1628148,2021-09-15,2021,Maison,519390,137,3791,94071,48.766015,2.536626
2021-1628368,2021-09-16,2021,Maison,530000,150,3533,94071,48.76048,2.551809
2021-1628405,2021-09-23,2021,Maison,570000,140,4071,94071,48.756117,2.533972
2021-1628407,2021-09-22,2021,Maison,284500,58,4905,94071,48.770022,2.519094
2021-1628425,2021-09-15,2021,Appartement,197000,65,3031,94071,48.771842,2.520675
2021-1628480,2021-09-10,2021,Appartement,165000,73,2260,94071,48.775918,2.522424
2021-1628501,2021-09-23,2021,Maison,295000,72,4097,94071,48.774462,2.511884
2021-1628567,2021-09-22,2021,Maison,393000,65,6046,94071,48.779763,2.519189
2021-1628685,2021-09-09,2021,Appartement,238480,63,3785,94071,48.785382,2.516611
2021-1628810,2021-09-27,2021,Appartement,245000,76,3224,94071,48.769573,2.537343
2021-1628851,2021-09-28,2021,Appartement,317600,101,3145,94071,48.785382,2.516611
2021-1628907,2021-09-13,2021,Maison,685000,80,8562,94071,48.772625,2.508528
2021-1628922,2021-09-28,2021,Maison,410000,70,5857,94071,48.777331,2.512209
2021-1629007,2021-09-16,2021,Appartement,186000,39,4769,94071,48.773068,2.521966
2021-1629119,2021-09-27,2021,Maison,427000,75,5693,94071,48.772155,2.513414
2021-1629125,2021-09-30,2021,Appartement,164000,39,4205,94071,48.77055,2.520944
2021-1629147,2021-10-01,2021,Appartement,260000,69,3768,94071,48.772402,2.510709
2021-1629171,2021-09-14,2021,Maison,478000,100,4780,94071,48.770491,2.539631
2021-1629184,2021-09-15,2021,Appartement,170000,70,2429,94071,48.774714,2.529237
2021-1629243,2021-10-01,2021,Maison,405000,85,4765,94071,48.773707,2.509821
2021-1629452,2021-10-04,2021,Appartement,185000,72,2569,94071,48.769759,2.508438
2021-1629617,2021-10-01,2021,Appartement,82000,26,3154,94071,48.77009,2.508006
2021-1629646,2021-09-28,2021,Maison,520000,128,4062,94071,48.758624,2.558007
2021-1629769,2021-09-14,2021,Maison,635000,93,6828,94071,48.762455,2.522232
2021-1629789,2021-09-28,2021,Maison,534950,115,4652,94071,48.768323,2.526162
2021-1629869,2021-09-24,2021,Appartement,180000,47,3830,94071,48.769243,2.510943
2021-1629983,2021-09-27,2021,Appartement,208000,47,4426,94071,48.76935,2.520984
2021-1629997,2021-09-21,2021,Maison,700000,212,3302,94071,48.7551,2.55859
2021-1630112,2021-09-30,2021,Maison,635000,111,5721,94071,48.765337,2.523459
2021-1630168,2021-09-16,2021,Appartement,195000,47,4149,94071,48.767259,2.528705
2021-1630198,2021-10-06,2021,Maison,487000,79,6165,94071,48.769179,2.50846
2021-1630278,2021-10-04,2021,Maison,450000,157,2866,94071,48.778362,2.516323
2021-1630460,2021-10-14,2021,Maison,400000,72,5556,94071,48.768821,2.525227
2021-1630476,2021-10-14,2021,Appartement,255000,70,3643,94071,48.769243,2.510943
2021-1630511,2021-10-19,2021,Maison,470000,73,6438,94071,48.756231,2.538406
2021-1630976,2021-10-07,2021,Appartement,170000,51,3333,94071,48.770869,2.525041
2021-1631010,2021-10-22,2021,Appartement,224000,56,4000,94071,48.77094,2.527167
2021-1631070,2021-10-25,2021,Maison,562900,110,5117,94071,48.767573,2.535849
2021-1631164,2021-10-08,2021,Maison,855000,180,4750,94071,48.764977,2.518917
2021-1631186,2021-10-22,2021,Appartement,280000,100,2800,94071,48.761196,2.527349
2021-1631267,2021-10-07,2021,Maison,256745,44,5835,94071,48.779804,2.521645
2021-1631322,2021-10-08,2021,Appartement,165000,51,3235,94071,48.770869,2.525041
2021-1631334,2021-10-26,2021,Maison,140000,66,2121,94071,48.757503,2.532074
2021-1631340,2021-10-28,2021,Appartement,145000,30,4833,94071,48.769285,2.520515
2021-1631394,2021-11-02,2021,Appartement,183000,70,2614,94071,48.77511,2.529948
2021-1631412,2021-10-22,2021,Maison,320000,63,5079,94071,48.761002,2.528163
2021-1631443,2021-10-21,2021,Appartement,265250,72,3684,94071,48.767259,2.528705
2021-1631461,2021-10-14,2021,Maison,535000,77,6948,94071,48.769041,2.514112
2021-1631716,2021-10-19,2021,Appartement,119000,26,4577,94071,48.769485,2.521384
2021-1631945,2021-11-09,2021,Maison,549000,90,6100,94071,48.779652,2.515318
2021-1632096,2021-11-12,2021,Appartement,165000,59,2797,94071,48.775009,2.52781
2021-1632136,2021-11-05,2021,Appartement,140000,31,4516,94071,48.772498,2.518166
2021-1632545,2021-11-19,2021,Maison,415000,93,4462,94071,48.755347,2.549512
2021-1632577,2021-11-17,2021,Appartement,130000,27,4815,94071,48.776657,2.510969
2021-1632584,2021-11-19,2021,Appartement,225000,79,2848,94071,48.779618,2.510823
2021-1632659,2021-11-22,2021,Maison,315000,71,4437,94071,48.763152,2.523243
2021-1632667,2021-11-02,2021,Maison,612000,122,5016,94071,48.763564,2.509678
2021-1632762,2021-10-27,2021,Maison,295000,70,4214,94071,48.769704,2.508016
2021-1632879,2021-11-12,2021,Appartement,82500,81,1019,94071,48.77511,2.529948
2021-1632885,2021-11-24,2021,Appartement,226000,67,3373,94071,48.770986,2.51008
2021-1633220,2021-11-08,2021,Appartement,180000,84,2143,94071,48.774714,2.529237
2021-1633253,2021-12-02,2021,Appartement,279000,60,4650,94071,48.771784,2.522928
2021-1633284,2021-12-03,2021,Maison,370000,82,4512,94071,48.773052,2.508122
2021-1633303,2021-11-17,2021,Maison,177000,110,1609,94071,48.764875,2.508579
2021-1633470,2021-11-26,2021,Appartement,157000,37,4243,94071,48.775577,2.515369
2021-1633547,2021-12-03,2021,Appartement,390000,82,4756,94071,48.769403,2.534846
2021-1633734,2021-11-29,2021,Maison,610000,155,3935,94071,48.774452,2.5351
2021-1633950,2021-12-14,2021,Maison,583000,133,4383,94071,48.771482,2.535034
2021-1633959,2021-12-15,2021,Maison,530000,100,5300,94071,48.772196,2.529335
2021-1633995,2021-12-15,2021,Maison,625410,61,10253,94071,48.764658,2.524558
2021-1634191,2021-12-17,2021,Appartement,128000,38,3368,94071,48.77009,2.508006
2021-1634204,2021-12-17,2021,Maison,574000,125,4592,94071,48.765205,2.509669
2021-1634283,2021-12-09,2021,Appartement,222000,56,3964,94071,48.77094,2.527167
2021-1634346,2021-12-14,2021,Maison,235000,66,3561,94071,48.76289,2.522085
2021-1634614,2021-12-22,2021,Maison,484785,110,4407,94071,48.767117,2.534889
2021-1634616,2021-12-23,2021,Appartement,152000,45,3378,94071,48.774249,2.510557
2021-1634687,2021-12-17,2021,Maison,465000,128,3633,94071,48.755325,2.536296
2021-1634993,2021-12-16,2021,Appartement,178000,83,2145,94071,48.774714,2.529237
2021-1635115,2021-12-22,2021,Appartement,205000,58,3534,94071,48.772577,2.525787
2021-1635116,2021-12-07,2021,Maison,275000,55,5000,94071,48.770503,2.510652
2021-1635171,2021-12-15,2021,Appartement,200000,62,3226,94071,48.770869,2.525041
2021-1635214,2021-12-17,2021,Maison,542000,94,5766,94071,48.778139,2.512187
2021-1635331,2021-12-21,2021,Maison,400000,167,2395,94071,48.766125,2.522053
2021-1635378,2021-12-15,2021,Appartement,40000,75,533,94071,48.775009,2.52781
2021-1635520,2021-12-17,2021,Maison,625000,88,7102,94071,48.780534,2.513971
2021-1635543,2021-12-15,2021,Appartement,189000,88,2148,94071,48.775918,2.522424
2021-1636193,2021-12-29,2021,Maison,380000,157,2420,94071,48.76259,2.529684
2021-1636290,2021-01-07,2021,Appartement,200000,75,2667,94071,48.769759,2.508438
2021-1636306,2021-01-15,2021,Maison,530000,152,3487,94071,48.775198,2.509482
2021-1636307,2021-01-15,2021,Appartement,269700,66,4086,94071,48.769549,2.522133
2021-1636308,2021-01-14,2021,Maison,630000,94,6702,94071,48.774639,2.512103
2021-1636312,2021-01-15,2021,Appartement,201900,31,6513,94071,48.769461,2.521267
2021-1636318,2021-01-15,2021,Maison,485000,140,3464,94071,48.768833,2.508415
2021-1636326,2021-01-20,2021,Appartement,230257,68,3386,94071,48.772577,2.525787
2021-1636366,2021-01-14,2021,Maison,520430,103,5053,94071,48.762473,2.51212
2021-1636386,2021-01-28,2021,Appartement,163000,40,4075,94071,48.766586,2.508515
2021-1636394,2021-01-27,2021,Maison,438000,45,9733,94071,48.776476,2.514878
2021-1636401,2021-01-11,2021,Maison,660000,135,4889,94071,48.765763,2.513745
2021-1636407,2021-01-12,2021,Maison,520000,147,3537,94071,48.776239,2.521527
2021-1636409,2021-01-06,2021,Maison,500000,136,3676,94071,48.774887,2.535228
2021-1636417,2021-01-08,2021,Maison,280000,82,3415,94071,48.777698,2.515795
2021-1636420,2021-01-21,2021,Appartement,156000,70,2229,94071,48.776279,2.522352
2021-1636421,2021-01-22,2021,Appartement,167000,46,3630,94071,48.769549,2.522133
2021-1636432,2021-01-13,2021,Maison,515500,114,4522,94071,48.779419,2.519094
2021-1636436,2021-01-26,2021,Appartement,167100,70,2387,94071,48.77511,2.529948
2021-1636439,2021-01-27,2021,Appartement,190000,73,2603,94071,48.775918,2.522424
2021-1636462,2021-02-03,2021,Maison,390000,55,7091,94071,48.769421,2.516496
2021-1636501,2021-02-05,2021,Appartement,165000,53,3113,94071,48.770986,2.51008
2021-1636504,2021-02-05,2021,Maison,384289,75,5124,94071,48.757119,2.548979
2021-1636505,2021-01-22,2021,Maison,388000,100,3880,94071,48.762143,2.530456
2021-1636538,2021-01-26,2021,Maison,529000,72,7347,94071,48.76781,2.527424
2021-1636540,2021-01-28,2021,Maison,348000,63,5524,94071,48.766458,2.516821
2021-1636551,2021-02-03,2021,Maison,668000,108,6185,94071,48.756148,2.55347
2021-1636573,2021-01-29,2021,Maison,756100,90,8401,94071,48.769341,2.516102
2021-1636591,2021-01-13,2021,Appartement,158000,70,2257,94071,48.776279,2.522352
2021-1636597,2021-02-11,2021,Appartement,197000,66,2985,94071,48.769573,2.537343
2021-1636599,2021-01-15,2021,Appartement,223000,63,3540,94071,48.785382,2.516611
2021-1636600,2021-02-11,2021,Maison,605000,155,3903,94071,48.773947,2.534694
2021-1636602,2021-02-08,2021,Maison,429500,91,4720,94071,48.770664,2.539079
2021-1636610,2021-01-27,2021,Appartement,329000,65,5062,94071,48.771759,2.510273
2021-1636669,2021-02-11,2021,Maison,705000,153,4608,94071,48.766839,2.516131
2021-1636687,2021-02-09,2021,Appartement,260000,68,3824,94071,48.772577,2.525787
2021-1636708,2021-01-29,2021,Maison,260000,63,4127,94071,48.766458,2.516821
2021-1636725,2021-02-10,2021,Maison,485000,121,4008,94071,48.756565,2.539062
2021-1636733,2021-02-24,2021,Maison,150000,142,1056,94071,48.776105,2.511587
2021-1636739,2021-02-18,2021,Appartement,185250,52,3562,94071,48.76737,2.533648
2021-1636795,2021-02-05,2021,Maison,458684,123,3729,94071,48.756894,2.552338
2021-1636798,2021-03-02,2021,Appartement,150000,70,2143,94071,48.77511,2.529948
2021-1636800,2021-02-09,2021,Appartement,140000,66,2121,94071,48.77511,2.529948
2021-1636805,2021-03-02,2021,Appartement,192800,65,2966,94071,48.775009,2.52781
2021-1636809,2021-03-03,2021,Appartement,150000,47,3191,94071,48.77055,2.520944
2021-1636817,2021-02-11,2021,Appartement,187250,53,3533,94071,48.776279,2.522352
2021-1636827,2021-02-09,2021,Maison,370000,56,6607,94071,48.760884,2.524763
2021-1636834,2021-02-25,2021,Appartement,147150,34,4328,94071,48.773775,2.508255
2021-1636854,2021-03-03,2021,Appartement,135952,54,2518,94071,48.767259,2.528705
2021-1636866,2021-02-10,2021,Maison,864000,159,5434,94071,48.772,2.514485
2021-1636870,2021-02-12,2021,Appartement,119900,55,2180,94071,48.77511,2.529948
2021-1636891,2021-03-11,2021,Appartement,1100000,56,19643,94071,48.758673,2.559332
2021-1636908,2021-02-23,2021,Appartement,85000,30,2833,94071,48.77511,2.529948
2021-1636918,2021-02-18,2021,Maison,554800,85,6527,94071,48.765373,2.517517
2021-1636947,2021-02-16,2021,Appartement,198000,58,3414,94071,48.772577,2.525787
2021-1636950,2021-03-08,2021,Maison,372336,180,2069,94071,48.769048,2.516264
2021-1636965,2021-03-05,2021,Maison,115000,36,3194,94071,48.768757,2.526939
2021-1636971,2021-03-09,2021,Appartement,265000,83,3193,94071,48.785382,2.516611
2021-1636979,2021-03-17,2021,Maison,582710,100,5827,94071,48.763754,2.510533
2021-1636983,2021-03-03,2021,Appartement,262500,64,4102,94071,48.785382,2.516611
2021-1637021,2021-03-03,2021,Appartement,175000,62,2823,94071,48.770869,2.525041
2021-1637042,2021-03-05,2021,Appartement,97000,30,3233,94071,48.770162,2.519446
2021-1637048,2021-03-25,2021,Maison,567000,150,3780,94071,48.761668,2.530212
2021-1637054,2021-03-24,2021,Appartement,215000,81,2654,94071,48.772498,2.518166
2021-1637071,2021-03-17,2021,Appartement,120955,30,4032,94071,48.769549,2.522133
2021-1637084,2021-03-19,2021,Maison,615000,138,4457,94071,48.77266,2.509585
2021-1637088,2021-03-26,2021,Appartement,205000,40,5125,94071,48.771784,2.522928
2021-1637096,2021-03-16,2021,Appartement,145000,31,4677,94071,48.768975,2.521782
2021-1637103,2021-03-29,2021,Appartement,175000,41,4268,94071,48.773068,2.521966
2021-1637113,2021-03-15,2021,Appartement,242000,67,3612,94071,48.770986,2.51008
2021-1637116,2021-03-16,2021,Maison,360000,85,4235,94071,48.760255,2.549602
2021-1637123,2021-03-30,2021,Appartement,191270,53,3609,94071,48.770986,2.51008
2021-1637129,2021-03-26,2021,Appartement,164000,70,2343,94071,48.77511,2.529948
2021-1637170,2021-04-07,2021,Appartement,215000,40,5375,94071,48.771784,2.522928
2021-1637171,2021-03-19,2021,Appartement,170000,83,2048,94071,48.774714,2.529237
2021-1637199,2021-04-09,2021,Maison,410665,110,3733,94071,48.770726,2.537411
2021-1637236,2021-04-13,2021,Appartement,223420,48,4655,94071,48.767259,2.528705
2021-1637241,2021-03-25,2021,Appartement,282000,72,3917,94071,48.77094,2.527167
2021-1637270,2021-04-01,2021,Maison,490000,104,4712,94071,48.761028,2.527992
2021-1637286,2021-03-31,2021,Appartement,178000,46,3870,94071,48.769549,2.522133
2021-1637301,2021-03-31,2021,Maison,360000,50,7200,94071,48.779086,2.519196
2021-1637309,2021-04-07,2021,Maison,265000,38,6974,94071,48.764248,2.530782
2021-1637342,2021-03-30,2021,Appartement,140000,70,2000,94071,48.776279,2.522352
2021-1637356,2021-04-08,2021,Appartement,382000,98,3898,94071,48.769403,2.534846
2021-1637377,2021-04-19,2021,Maison,505000,100,5050,94071,48.770825,2.532599
2021-1637397,2021-04-23,2021,Maison,720000,141,5106,94071,48.762584,2.511304
2021-1637399,2021-04-09,2021,Appartement,300000,80,3750,94071,48.766792,2.532928
2021-1637404,2021-04-20,2021,Appartement,265340,73,3635,94071,48.766792,2.532928
2021-1637405,2021-04-22,2021,Appartement,250000,50,5000,94071,48.769549,2.522133
2021-1637406,2021-04-23,2021,Maison,440000,65,6769,94071,48.765462,2.517155
2021-1637407,2021-04-15,2021,Appartement,150000,88,1705,94071,48.775918,2.522424
2021-1637431,2021-04-15,2021,Maison,485000,110,4409,94071,48.766868,2.535819
2021-1637433,2021-04-29,2021,Appartement,195000,56,3482,94071,48.77094,2.527167
2021-1637454,2021-04-14,2021,Maison,250000,67,3731,94071,48.764485,2.511514
2021-1637515,2021-04-30,2021,Appartement,193000,40,4825,94071,48.759556,2.530434
2021-1637530,2021-04-23,2021,Maison,456000,84,5429,94071,48.776171,2.513598
2021-1637562,2021-05-05,2021,Appartement,213000,62,3435,94071,48.770869,2.525041
2021-1637573,2021-05-10,2021,Maison,419000,91,4604,94071,48.767583,2.538734
2021-1637576,2021-05-10,2021,Maison,438000,109,4018,94071,48.771482,2.535034
2021-1637597,2021-05-10,2021,Maison,522400,86,6074,94071,48.767138,2.509969
2021-1637631,2021-05-11,2021,Maison,969998,143,6783,94071,48.765043,2.51546
2021-1637640,2021-05-17,2021,Maison,615000,189,3254,94071,48.770024,2.512176
2021-1637659,2021-05-10,2021,Appartement,299000,91,3286,94071,48.767259,2.528705
2021-1637674,2021-05-18,2021,Appartement,180000,70,2571,94071,48.77511,2.529948
2021-1637679,2021-05-19,2021,Appartement,177000,70,2529,94071,48.774714,2.529237
2021-1637721,2021-05-25,2021,Appartement,163000,53,3075,94071,48.766693,2.528216
2021-1637724,2021-05-21,2021,Appartement,270000,83,3253,94071,48.785382,2.516611
2022-1573072,2022-01-11,2022,Appartement,274000,62,4419,94071,48.769573,2.537343
2022-1573085,2022-01-06,2022,Appartement,265000,83,3193,94071,48.785382,2.516611
2022-1573139,2022-01-14,2022,Maison,340000,46,7391,94071,48.764336,2.533242
2022-1573145,2022-01-12,2022,Appartement,176000,72,2444,94071,48.774714,2.529237
2022-1573294,2022-01-10,2022,Maison,819310,177,4629,94071,48.762746,2.513529
2022-1573319,2022-01-06,2022,Maison,1000000,175,5714,94071,48.76843,2.519439
2022-1573340,2022-01-17,2022,Appartement,184000,83,2217,94071,48.774714,2.529237
2022-1573370,2022-01-07,2022,Appartement,219000,83,2639,94071,48.785382,2.516611
2022-1573428,2022-01-20,2022,Maison,280000,52,5385,94071,48.766458,2.516821
2022-1573572,2022-01-27,2022,Appartement,615000,122,5041,94071,48.773068,2.521966
2022-1573706,2022-01-31,2022,Appartement,365000,80,4562,94071,48.770885,2.520508
2022-1573714,2022-01-28,2022,Maison,535000,70,7643,94071,48.7732,2.512403
2022-1573799,2022-02-01,2022,Maison,482500,115,4196,94071,48.756051,2.541875
2022-1573896,2022-01-13,2022,Appartement,172000,83,2072,94071,48.774714,2.529237
2022-1573977,2022-01-12,2022,Appartement,299900,76,3946,94071,48.769573,2.537343
2022-1574023,2022-01-26,2022,Appartement,245000,73,3356,94071,48.77055,2.520944
2022-1574156,2022-02-07,2022,Appartement,140000,25,5600,94071,48.767259,2.528705
2022-1574206,2022-02-04,2022,Appartement,233000,72,3236,94071,48.77094,2.527167
2022-1574400,2022-02-11,2022,Appartement,142000,42,3381,94071,48.77511,2.529948
2022-1574587,2022-01-21,2022,Maison,462000,80,5775,94071,48.775515,2.516017
2022-1574601,2022-01-26,2022,Maison,330000,63,5238,94071,48.766458,2.516821
2022-1574739,2022-02-09,2022,Appartement,215000,51,4216,94071,48.769573,2.537343
2022-1574762,2022-01-25,2022,Maison,350000,82,4268,94071,48.775354,2.522256
2022-1574794,2022-02-08,2022,Maison,520000,135,3852,94071,48.77218,2.53453
2022-1574914,2022-02-18,2022,Maison,479000,113,4239,94071,48.760199,2.552177
2022-1574934,2022-02-18,2022,Appartement,197500,52,3798,94071,48.770986,2.51008
2022-1575149,2022-02-24,2022,Maison,704956,186,3790,94071,48.764096,2.524296
2022-1575168,2022-01-28,2022,Appartement,205000,48,4271,94071,48.773068,2.521966
2022-1575194,2022-01-26,2022,Maison,500000,136,3676,94071,48.77981,2.517177
2022-1575249,2022-02-24,2022,Maison,395000,45,8778,94071,48.777682,2.515624
2022-1575286,2022-01-26,2022,Appartement,209810,45,4662,94071,48.769549,2.522133
2022-1575322,2022-02-15,2022,Maison,370000,82,4512,94071,48.760148,2.551738
2022-1575353,2022-02-02,2022,Appartement,180000,27,6667,94071,48.771759,2.510273
2022-1575521,2022-02-21,2022,Maison,525000,101,5198,94071,48.763413,2.531066
2022-1575813,2022-02-18,2022,Maison,334000,77,4338,94071,48.756894,2.548996
2022-1575822,2022-03-07,2022,Maison,400000,55,7273,94071,48.768764,2.525791
2022-1575871,2022-03-08,2022,Appartement,205000,94,2181,94071,48.774714,2.529237
2022-1575968,2022-03-07,2022,Appartement,165000,42,3929,94071,48.770869,2.525041
2022-1575987,2022-03-02,2022,Maison,587155,152,3863,94071,48.75582,2.540508
2022-1576221,2022-02-17,2022,Maison,517000,185,2795,94071,48.774896,2.517172
2022-1576243,2022-03-08,2022,Appartement,181000,70,2586,94071,48.774714,2.529237
2022-1576292,2022-03-10,2022,Appartement,357000,70,5100,94071,48.770885,2.520508
2022-1576315,2022-03-15,2022,Maison,500000,91,5495,94071,48.764679,2.511096
2022-1576410,2022-03-15,2022,Maison,450000,116,3879,94071,48.77449,2.515371
2022-1576452,2022-02-24,2022,Appartement,300000,46,6522,94071,48.771907,2.508456
2022-1576534,2022-03-16,2022,Maison,354700,73,4859,94071,48.776826,2.509813
2022-1576877,2022-03-24,2022,Appartement,251278,75,3350,94071,48.770986,2.51008
2022-1577106,2022-03-16,2022,Maison,768000,180,4267,94071,48.763541,2.514111
2022-1577132,2022-03-29,2022,Maison,486000,124,3919,94071,48.771482,2.535034
2022-1577134,2022-03-23,2022,Appartement,345000,87,3966,94071,48.77094,2.527167
2022-1577203,2022-03-21,2022,Appartement,156400,70,2234,94071,48.77511,2.529948
2022-1577227,2022-03-09,2022,Maison,415000,82,5061,94071,48.77347,2.508245
2022-1577249,2022-03-30,2022,Appartement,270000,66,4091,94071,48.769549,2.522133
2022-1577259,2022-03-23,2022,Appartement,280000,72,3889,94071,48.77094,2.527167
2022-1577297,2022-03-24,2022,Maison,360000,63,5714,94071,48.766458,2.516821
2022-1577409,2022-03-28,2022,Maison,470000,117,4017,94071,48.763996,2.538183
2022-1577468,2022-03-10,2022,Maison,425000,47,9043,94071,48.772089,2.528928
2022-1577501,2022-03-24,2022,Maison,680000,162,4198,94071,48.759664,2.555082
2022-1577517,2022-04-01,2022,Appartement,150000,46,3261,94071,48.771907,2.508456
2022-1577641,2022-03-29,2022,Appartement,245000,83,2952,94071,48.774714,2.529237
2022-1577684,2022-04-04,2022,Maison,510000,150,3400,94071,48.760151,2.547376
2022-1577878,2022-04-07,2022,Appartement,185000,62,2984,94071,48.770869,2.525041
2022-1577987,2022-03-31,2022,Maison,495000,111,4459,94071,48.773752,2.516893
2022-1578099,2022-04-12,2022,Appartement,207000,62,3339,94071,48.770869,2.525041
2022-1578145,2022-04-06,2022,Maison,509000,142,3585,94071,48.756608,2.550787
2022-1578176,2022-04-12,2022,Maison,760000,136,5588,94071,48.764312,2.521266
2022-1578177,2022-04-13,2022,Appartement,160000,47,3404,94071,48.767259,2.528705
2022-1578202,2022-04-08,2022,Maison,575000,112,5134,94071,48.763696,2.528787
2022-1578258,2022-04-05,2022,Appartement,240300,64,3755,94071,48.785382,2.516611
2022-1578271,2022-03-18,2022,Maison,245000,54,4537,94071,48.770371,2.505413
2022-1578384,2022-04-15,2022,Appartement,241000,68,3544,94071,48.772577,2.525787
2022-1578472,2022-04-01,2022,Maison,541700,124,4369,94071,48.77218,2.53453
2022-1578594,2022-04-21,2022,Appartement,242345,59,4108,94071,48.771059,2.509266
2022-1578655,2022-04-14,2022,Maison,680000,124,5484,94071,48.774848,2.517737
2022-1578836,2022-04-14,2022,Maison,1150000,195,5897,94071,48.756667,2.558922
2022-1578922,2022-04-14,2022,Maison,510000,77,6623,94071,48.780186,2.520145
2022-1579140,2022-04-01,2022,Appartement,170000,40,4250,94071,48.773068,2.521966
2022-1579250,2022-04-27,2022,Appartement,302400,85,3558,94071,48.766693,2.528216
2022-1579301,2022-04-28,2022,Appartement,82000,30,2733,94071,48.769622,2.520774
2022-1579574,2022-04-22,2022,Appartement,315000,83,3795,94071,48.775364,2.512766
2022-1579590,2022-04-22,2022,Maison,380000,70,5429,94071,48.774035,2.51034
2022-1579594,2022-04-28,2022,Maison,704000,242,2909,94071,48.756408,2.560537
2022-1579602,2022-05-03,2022,Appartement,255000,67,3806,94071,48.770986,2.51008
2022-1579604,2022-04-29,2022,Maison,480000,91,5275,94071,48.76748,2.537773
2022-1579612,2022-05-02,2022,Appartement,234000,63,3714,94071,48.785382,2.516611
2022-1579678,2022-04-26,2022,Appartement,255000,63,4048,94071,48.767259,2.528705
2022-1579729,2022-05-03,2022,Appartement,206000,57,3614,94071,48.766693,2.528216
2022-1579884,2022-05-11,2022,Appartement,216000,69,3130,94071,48.771842,2.520675
2022-1579894,2022-05-10,2022,Appartement,195000,45,4333,94071,48.769549,2.522133
2022-1580165,2022-05-12,2022,Maison,495000,93,5323,94071,48.761747,2.530949
2022-1580171,2022-05-12,2022,Appartement,155000,33,4697,94071,48.766792,2.532928
2022-1580187,2022-05-04,2022,Appartement,174000,57,3053,94071,48.77347,2.51847
2022-1580225,2022-05-12,2022,Appartement,242000,79,3063,94071,48.779618,2.510823
2022-1580230,2022-05-16,2022,Appartement,200000,57,3509,94071,48.77347,2.51847
2022-1580283,2022-04-27,2022,Maison,543689,114,4769,94071,48.762521,2.50893
2022-1580341,2022-05-12,2022,Maison,670000,169,3964,94071,48.757868,2.554941
2022-1580401,2022-05-17,2022,Appartement,278000,70,3971,94071,48.766792,2.532928
2022-1580409,2022-04-27,2022,Maison,535000,104,5144,94071,48.759891,2.529345
2022-1580414,2022-04-28,2022,Appartement,150000,46,3261,94071,48.771907,2.508456
2022-1580490,2022-05-19,2022,Appartement,145000,42,3452,94071,48.77511,2.529948
2022-1580540,2022-05-20,2022,Appartement,222000,68,3265,94071,48.772577,2.525787
2022-1580567,2022-05-02,2022,Maison,385000,50,7700,94071,48.75846,2.551847
2022-1580712,2022-05-09,2022,Maison,581700,120,4848,94071,48.766977,2.522747
2022-1580753,2022-05-02,2022,Maison,612830,155,3954,94071,48.774399,2.535873
2022-1580787,2022-05-02,2022,Appartement,210000,57,3684,94071,48.77347,2.51847
2022-1580832,2022-05-25,2022,Maison,442940,104,4259,94071,48.768913,2.518418
2022-1580974,2022-05-09,2022,Maison,430000,60,7167,94071,48.776837,2.512162
2022-1581164,2022-05-09,2022,Maison,610000,104,5865,94071,48.779083,2.514257
2022-1581302,2022-06-03,2022,Maison,392000,77,5091,94071,48.755748,2.545426
2022-1581395,2022-05-30,2022,Maison,635000,220,2886,94071,48.758453,2.554441
2022-1581401,2022-06-02,2022,Maison,500000,115,4348,94071,48.773839,2.530527
2022-1581445,2022-05-30,2022,Appartement,280000,81,3457,94071,48.770986,2.51008
2022-1581484,2022-05-24,2022,Appartement,179000,70,2557,94071,48.774714,2.529237
2022-1581505,2022-06-01,2022,Appartement,192970,51,3784,94071,48.779618,2.510823
2022-1581682,2022-06-08,2022,Appartement,226000,83,2723,94071,48.774714,2.529237
2022-1581684,2022-06-08,2022,Maison,430000,70,6143,94071,48.760097,2.528111
2022-1581783,2022-06-09,2022,Appartement,164000,39,4205,94071,48.77055,2.520944
2022-1581842,2022-05-13,2022,Maison,433500,96,4516,94071,48.774859,2.513413
2022-1581955,2022-06-02,2022,Appartement,240000,56,4286,94071,48.77094,2.527167
2022-1582191,2022-06-14,2022,Appartement,217000,62,3500,94071,48.770869,2.525041
2022-1582196,2022-06-13,2022,Maison,505000,110,4591,94071,48.771872,2.527958
2022-1582227,2022-06-02,2022,Maison,200000,50,4000,94071,48.770162,2.519446
2022-1582373,2022-06-17,2022,Appartement,202000,62,3258,94071,48.770869,2.525041
2022-1582387,2022-05-25,2022,Maison,475000,104,4567,94071,48.760852,2.550057
2022-1582455,2022-06-15,2022,Appartement,215000,56,3839,94071,48.774155,2.526483
2022-1582480,2022-06-10,2022,Maison,315000,76,4145,94071,48.765779,2.516385
2022-1582505,2022-06-15,2022,Maison,392000,91,4308,94071,48.770166,2.539259
2022-1582511,2022-06-20,2022,Appartement,215000,65,3308,94071,48.771842,2.520675
2022-1582520,2022-06-17,2022,Appartement,275000,74,3716,94071,48.759647,2.553226
2022-1582526,2022-06-17,2022,Maison,410000,127,3228,94071,48.756956,2.546188
2022-1582597,2022-06-21,2022,Appartement,180000,40,4500,94071,48.775009,2.52781
2022-1582598,2022-06-21,2022,Maison,380000,69,5507,94071,48.776253,2.508811
2022-1582683,2022-06-09,2022,Appartement,186000,72,2583,94071,48.774714,2.529237
2022-1582950,2022-06-22,2022,Maison,743790,110,6762,94071,48.776028,2.513211
2022-1583054,2022-06-23,2022,Maison,679000,181,3751,94071,48.760602,2.553923
2022-1583059,2022-06-22,2022,Appartement,166000,78,2128,94071,48.77511,2.529948
2022-1583253,2022-06-24,2022,Maison,526000,56,9393,94071,48.779416,2.512157
2022-1583270,2022-06-23,2022,Maison,590000,108,5463,94071,48.76532,2.513808
2022-1583294,2022-06-29,2022,Maison,430000,96,4479,94071,48.766178,2.515745
2022-1583352,2022-06-03,2022,Appartement,221542,52,4260,94071,48.770986,2.51008
2022-1583354,2022-06-23,2022,Maison,905700,169,5359,94071,48.770365,2.511953
2022-1583362,2022-06-27,2022,Appartement,177000,43,4116,94071,48.775577,2.515369
2022-1583470,2022-06-30,2022,Maison,577800,93,6213,94071,48.775326,2.512614
2022-1583650,2022-07-04,2022,Appartement,244000,68,3588,94071,48.772577,2.525787
2022-1583782,2022-06-24,2022,Appartement,495000,95,5211,94071,48.77172,2.511968
2022-1583816,2022-07-05,2022,Maison,555000,86,6453,94071,48.764384,2.511712
2022-1583838,2022-06-23,2022,Appartement,233000,94,2479,94071,48.774714,2.529237
2022-1583854,2022-07-05,2022,Maison,569000,135,4215,94071,48.763135,2.509189
2022-1583881,2022-06-24,2022,Appartement,250000,53,4717,94071,48.775009,2.52781
2022-1583941,2022-06-23,2022,Maison,330000,94,3511,94071,48.75686,2.550557
2022-1583957,2022-06-24,2022,Maison,610000,130,4692,94071,48.764206,2.512015
2022-1583964,2022-06-24,2022,Maison,420000,86,4884,94071,48.770939,2.538558
2022-1584085,2022-07-08,2022,Maison,820000,178,4607,94071,48.778189,2.51585
2022-1584108,2022-06-27,2022,Appartement,172000,54,3185,94071,48.77511,2.529948
2022-1584280,2022-07-07,2022,Appartement,323000,84,3845,94071,48.77094,2.527167
2022-1584296,2022-07-07,2022,Appartement,320000,68,4706,94071,48.773068,2.521966
2022-1584313,2022-06-24,2022,Appartement,289000,49,5898,94071,48.773707,2.509821
2022-1584367,2022-06-29,2022,Maison,1142250,140,8159,94071,48.764333,2.522073
2022-1584388,2022-07-08,2022,Maison,748040,122,6131,94071,48.765878,2.517774
2022-1584409,2022-07-12,2022,Maison,540000,158,3418,94071,48.779117,2.513884
2022-1584415,2022-07-12,2022,Maison,634370,169,3754,94071,48.756516,2.542594
2022-1584423,2022-07-04,2022,Appartement,115000,44,2614,94071,48.764642,2.512126
2022-1584578,2022-07-05,2022,Maison,220000,50,4400,94071,48.764248,2.530782
2022-1584647,2022-07-13,2022,Maison,838820,171,4905,94071,48.77187,2.526054
2022-1584660,2022-07-01,2022,Appartement,99000,20,4950,94071,48.769485,2.521384
2022-1584662,2022-07-06,2022,Appartement,444000,95,4674,94071,48.771784,2.522928
2022-1584763,2022-07-13,2022,Maison,405000,81,5000,94071,48.778794,2.513034
2022-1584828,2022-07-13,2022,Maison,491000,90,5456,94071,48.779866,2.517003
2022-1584903,2022-07-20,2022,Appartement,276000,72,3833,94071,48.77094,2.527167
2022-1584908,2022-07-18,2022,Maison,617800,135,4576,94071,48.774116,2.530696
2022-1584921,2022-07-15,2022,Appartement,186750,51,3662,94071,48.779618,2.510823
2022-1584926,2022-07-12,2022,Maison,398650,70,5695,94071,48.765859,2.516324
2022-1584955,2022-07-19,2022,Maison,535850,100,5358,94071,48.770571,2.532799
2022-1584966,2022-07-13,2022,Maison,956600,170,5627,94071,48.771151,2.512103
2022-1585044,2022-07-15,2022,Maison,615000,125,4920,94071,48.759484,2.527495
2022-1585064,2022-07-19,2022,Appartement,170000,39,4359,94071,48.773068,2.521966
2022-1585111,2022-07-21,2022,Appartement,178000,70,2543,94071,48.77511,2.529948
2022-1585189,2022-07-22,2022,Maison,546550,110,4969,94071,48.756219,2.537704
2022-1585252,2022-07-04,2022,Appartement,152000,72,2111,94071,48.774714,2.529237
2022-1585331,2022-07-22,2022,Appartement,170000,70,2429,94071,48.776279,2.522352
2022-1585349,2022-06-30,2022,Maison,387200,80,4840,94071,48.780473,2.517377
2022-1585388,2022-07-18,2022,Maison,770000,160,4812,94071,48.778757,2.518613
2022-1585419,2022-07-12,2022,Appartement,275000,64,4297,94071,48.785382,2.516611
2022-1585439,2022-06-30,2022,Maison,442000,144,3069,94071,48.770018,2.519552
2022-1585552,2022-07-25,2022,Maison,470000,76,6184,94071,48.757508,2.551313
2022-1585554,2022-07-25,2022,Appartement,239000,68,3515,94071,48.772577,2.525787
2022-1585564,2022-07-12,2022,Maison,579250,104,5570,94071,48.76497,2.516835
2022-1585581,2022-07-13,2022,Maison,440000,60,7333,94071,48.77576,2.521569
2022-1585588,2022-07-08,2022,Appartement,255000,67,3806,94071,48.779618,2.510823
2022-1585592,2022-07-20,2022,Maison,752000,153,4915,94071,48.779969,2.514618
2022-1585623,2022-07-07,2022,Appartement,265000,51,5196,94071,48.770885,2.520508
2022-1585716,2022-07-06,2022,Appartement,254000,67,3791,94071,48.770986,2.51008
2022-1585722,2022-07-06,2022,Appartement,185000,47,3936,94071,48.77055,2.520944
2022-1585828,2022-07-26,2022,Appartement,200000,63,3175,94071,48.77055,2.520944
2022-1585833,2022-07-28,2022,Maison,425000,100,4250,94071,48.756916,2.549983
2022-1585979,2022-07-29,2022,Maison,715950,118,6067,94071,48.776823,2.517566
2022-1586025,2022-07-08,2022,Maison,642510,199,3229,94071,48.759358,2.55397
2022-1586103,2022-07-27,2022,Maison,520000,131,3969,94071,48.756243,2.533375
2022-1586112,2022-07-27,2022,Appartement,188000,53,3547,94071,48.766693,2.528216
2022-1586202,2022-07-21,2022,Maison,637000,151,4219,94071,48.779092,2.51898
2022-1586323,2022-07-08,2022,Appartement,110000,23,4783,94071,48.775577,2.515369
2022-1586383,2022-07-26,2022,Maison,430000,124,3468,94071,48.773232,2.508165
2022-1586404,2022-07-29,2022,Appartement,185000,72,2569,94071,48.774714,2.529237
2022-1586406,2022-08-02,2022,Maison,527000,111,4748,94071,48.765605,2.533273
2022-1586433,2022-07-18,2022,Appartement,209000,49,4265,94071,48.770885,2.520508
2022-1586479,2022-08-04,2022,Maison,540000,91,5934,94071,48.769231,2.53927
2022-1586561,2022-07-26,2022,Maison,585000,100,5850,94071,48.772904,2.509122
2022-1586564,2022-08-03,2022,Appartement,411500,80,5144,94071,48.772021,2.532122
2022-1586661,2022-07-12,2022,Appartement,270000,70,3857,94071,48.770986,2.51008
2022-1586701,2022-07-11,2022,Appartement,147000,25,5880,94071,48.767259,2.528705
2022-1586770,2022-08-01,2022,Maison,729000,143,5098,94071,48.76684,2.519287
2022-1586919,2022-07-18,2022,Maison,750000,142,5282,94071,48.757743,2.557197
2022-1586936,2022-08-11,2022,Maison,1025000,186,5511,94071,48.777689,2.515452
2022-1586974,2022-07-21,2022,Maison,540000,117,4615,94071,48.763699,2.516503
2022-1587048,2022-08-08,2022,Maison,556000,88,6318,94071,48.776442,2.508795
2022-1587123,2022-07-25,2022,Maison,450000,99,4545,94071,48.7573,2.539879
2022-1587154,2022-08-12,2022,Maison,565420,139,4068,94071,48.767099,2.538767
2022-1587218,2022-08-04,2022,Appartement,250000,61,4098,94071,48.773068,2.521966
2022-1587522,2022-08-11,2022,Maison,678000,178,3809,94071,48.764929,2.522302
2022-1587545,2022-08-24,2022,Maison,600000,110,5455,94071,48.764169,2.511376
2022-1587564,2022-08-24,2022,Maison,830000,176,4716,94071,48.765521,2.521596
2022-1587565,2022-08-17,2022,Maison,488000,58,8414,94071,48.774533,2.51172
2022-1587630,2022-08-26,2022,Appartement,227500,56,4062,94071,48.774443,2.527807
2022-1587661,2022-08-03,2022,Appartement,431000,74,5824,94071,48.771759,2.510273
2022-1587677,2022-08-19,2022,Maison,535000,78,6859,94071,48.762382,2.532142
2022-1587699,2022-08-24,2022,Maison,550000,100,5500,94071,48.764493,2.526849
2022-1587833,2022-08-17,2022,Appartement,217300,52,4179,94071,48.769549,2.522133
2022-1587964,2022-08-25,2022,Appartement,328000,80,4100,94071,48.76737,2.533648
2022-1587979,2022-08-29,2022,Appartement,210000,45,4667,94071,48.769549,2.522133
2022-1587982,2022-09-01,2022,Maison,360000,72,5000,94071,48.77329,2.508975
2022-1587984,2022-08-25,2022,Maison,520000,104,5000,94071,48.762576,2.508535
2022-1588117,2022-08-04,2022,Maison,435000,150,2900,94071,48.779988,2.520696
2022-1588126,2022-08-26,2022,Appartement,205000,47,4362,94071,48.767259,2.528705
2022-1588137,2022-08-10,2022,Appartement,228500,43,5314,94071,48.770302,2.522662
2022-1588178,2022-08-31,2022,Appartement,345000,82,4207,94071,48.766792,2.532928
2022-1588216,2022-09-02,2022,Appartement,253500,72,3521,94071,48.77094,2.527167
2022-1588312,2022-08-25,2022,Maison,535200,106,5049,94071,48.776827,2.510097
2022-1588328,2022-08-23,2022,Maison,805000,223,3610,94071,48.778615,2.518753
2022-1588367,2022-09-08,2022,Maison,750000,172,4360,94071,48.766477,2.519175
2022-1588385,2022-09-05,2022,Maison,655000,152,4309,94071,48.765369,2.526392
2022-1588420,2022-09-08,2022,Maison,630000,91,6923,94071,48.766226,2.519484
2022-1588481,2022-09-09,2022,Maison,487000,92,5293,94071,48.760407,2.548475
2022-1588598,2022-08-26,2022,Maison,500000,88,5682,94071,48.763151,2.509704
2022-1588654,2022-09-13,2022,Appartement,248000,63,3937,94071,48.766693,2.528216
2022-1588726,2022-09-15,2022,Maison,560000,111,5045,94071,48.763463,2.530406
2022-1588851,2022-09-15,2022,Appartement,180000,40,4500,94071,48.773579,2.510946
2022-1588855,2022-09-09,2022,Maison,420000,111,3784,94071,48.764424,2.533449
2022-1589073,2022-09-19,2022,Appartement,184420,70,2635,94071,48.774714,2.529237
2022-1589137,2022-09-02,2022,Maison,635000,134,4739,94071,48.758594,2.555306
2022-1589202,2022-08-29,2022,Maison,330000,60,5500,94071,48.762227,2.533174
2022-1589207,2022-09-06,2022,Appartement,199000,61,3262,94071,48.77055,2.520944
2022-1589215,2022-08-29,2022,Maison,695900,146,4766,94071,48.754753,2.556815
2022-1589222,2022-09-08,2022,Maison,345000,69,5000,94071,48.77431,2.515298
2022-1589259,2022-09-14,2022,Maison,556100,129,4311,94071,48.779371,2.520434
2022-1589284,2022-09-20,2022,Appartement,249950,64,3905,94071,48.779618,2.510823
2022-1589528,2022-09-08,2022,Appartement,190000,54,3519,94071,48.770231,2.521034
2022-1589577,2022-09-07,2022,Maison,366000,60,6100,94071,48.76943,2.508056
2022-1589592,2022-09-09,2022,Appartement,174000,45,3867,94071,48.769796,2.521155
2022-1589648,2022-09-07,2022,Maison,329700,76,4338,94071,48.759089,2.552791
2022-1589687,2022-09-07,2022,Appartement,163000,40,4075,94071,48.773579,2.510946
2022-1589742,2022-09-27,2022,Appartement,280000,96,2917,94071,48.770986,2.51008
2022-1589772,2022-09-30,2022,Maison,390000,93,4194,94071,48.756687,2.549979
2022-1589872,2022-09-30,2022,Appartement,246535,56,4402,94071,48.77094,2.527167
2022-1589891,2022-09-29,2022,Maison,260000,47,5532,94071,48.779377,2.515161
2022-1590077,2022-10-04,2022,Maison,550000,91,6044,94071,48.770257,2.538669
2022-1590083,2022-10-05,2022,Maison,698000,80,8725,94071,48.772785,2.512285
2022-1590258,2022-10-04,2022,Maison,530000,157,3376,94071,48.776015,2.508627
2022-1590358,2022-10-10,2022,Appartement,167000,83,2012,94071,48.774714,2.529237
2022-1590660,2022-10-11,2022,Appartement,296794,67,4430,94071,48.769549,2.522133
2022-1590672,2022-09-30,2022,Maison,415000,100,4150,94071,48.771085,2.530735
2022-1590796,2022-10-14,2022,Appartement,199500,69,2891,94071,48.771842,2.520675
2022-1590904,2022-10-14,2022,Appartement,239000,60,3983,94071,48.767259,2.528705
2022-1590940,2022-10-12,2022,Maison,400000,55,7273,94071,48.759647,2.551756
2022-1590961,2022-10-17,2022,Maison,997039,190,5248,94071,48.763073,2.530061
2022-1591002,2022-10-14,2022,Appartement,160000,30,5333,94071,48.767259,2.528705
2022-1591036,2022-10-17,2022,Maison,406500,91,4467,94071,48.771482,2.535034
2022-1591040,2022-10-18,2022,Appartement,195000,88,2216,94071,48.775918,2.522424
2022-1591047,2022-10-18,2022,Appartement,350000,110,3182,94071,48.772498,2.518166
2022-1591118,2022-10-07,2022,Appartement,430000,49,8776,94071,48.776672,2.511715
2022-1591304,2022-10-12,2022,Appartement,201000,62,3242,94071,48.770869,2.525041
2022-1591761,2022-10-20,2022,Appartement,110000,20,5500,94071,48.771059,2.509266
2022-1591906,2022-10-14,2022,Appartement,361500,87,4155,94071,48.770885,2.520508
2022-1592052,2022-10-24,2022,Appartement,270540,80,3382,94071,48.771784,2.522928
2022-1592067,2022-10-27,2022,Appartement,205000,45,4556,94071,48.769549,2.522133
2022-1592120,2022-11-03,2022,Maison,600760,135,4450,94071,48.77523,2.513117
2022-1592127,2022-10-25,2022,Maison,326600,54,6048,94071,48.770683,2.510747
2022-1592138,2022-10-28,2022,Appartement,240000,59,4068,94071,48.769957,2.520669
2022-1592208,2022-11-07,2022,Appartement,295860,59,5015,94071,48.772021,2.532122
2022-1592260,2022-10-24,2022,Appartement,163500,42,3893,94071,48.775009,2.52781
2022-1592262,2022-10-21,2022,Maison,600000,155,3871,94071,48.759947,2.549805
2022-1592267,2022-10-19,2022,Appartement,191220,44,4346,94071,48.77009,2.508006
2022-1592405,2022-10-24,2022,Maison,390000,112,3482,94071,48.762739,2.53249
2022-1592425,2022-10-26,2022,Maison,602100,152,3961,94071,48.755897,2.539692
2022-1592474,2022-10-25,2022,Maison,420000,110,3818,94071,48.77071,2.53929
2022-1592565,2022-10-27,2022,Appartement,188000,41,4585,94071,48.775779,2.521705
2022-1592672,2022-11-04,2022,Appartement,420000,105,4000,94071,48.77094,2.527167
2022-1592722,2022-10-28,2022,Appartement,205000,83,2470,94071,48.774714,2.529237
2022-1592742,2022-10-20,2022,Appartement,137500,35,3929,94071,48.774633,2.510396
2022-1592752,2022-11-14,2022,Maison,410750,73,5627,94071,48.770255,2.506342
2022-1592811,2022-10-21,2022,Appartement,600000,80,7500,94071,48.770139,2.519623
2022-1592830,2022-11-14,2022,Appartement,165000,27,6111,94071,48.771708,2.511008
2022-1592831,2022-11-15,2022,Maison,406000,67,6060,94071,48.76585,2.5258
2022-1592972,2022-10-28,2022,Maison,920000,116,7931,94071,48.770623,2.512575
2022-1592981,2022-11-15,2022,Maison,590000,96,6146,94071,48.760226,2.555883
2022-1593111,2022-10-24,2022,Appartement,155000,70,2214,94071,48.77511,2.529948
2022-1593221,2022-11-15,2022,Maison,725000,175,4143,94071,48.764031,2.514793
2022-1593226,2022-11-10,2022,Maison,230000,63,3651,94071,48.766458,2.516821
2022-1593320,2022-11-03,2022,Maison,134978,115,1174,94071,48.755354,2.544383
2022-1593362,2022-11-07,2022,Maison,790000,100,7900,94071,48.778836,2.515906
2022-1593537,2022-11-15,2022,Appartement,172000,57,3018,94071,48.77347,2.51847
2022-1593785,2022-11-23,2022,Appartement,175000,83,2108,94071,48.77511,2.529948
2022-1593809,2022-11-25,2022,Maison,645000,150,4300,94071,48.768038,2.522417
2022-1593810,2022-11-30,2022,Maison,354000,75,4720,94071,48.766036,2.519918
2022-1593820,2022-12-01,2022,Maison,520000,109,4771,94071,48.768638,2.519085
2022-1593829,2022-12-01,2022,Maison,1105350,225,4913,94071,48.76738,2.520033
2022-1594161,2022-12-02,2022,Appartement,194000,52,3731,94071,48.766693,2.528216
2022-1594183,2022-12-01,2022,Maison,532800,99,5382,94071,48.762903,2.50926
2022-1594360,2022-12-09,2022,Appartement,239000,64,3734,94071,48.770986,2.51008
2022-1594363,2022-12-01,2022,Appartement,335000,69,4855,94071,48.772577,2.525787
2022-1594399,2022-12-05,2022,Appartement,323000,83,3892,94071,48.785382,2.516611
2022-1594409,2022-12-02,2022,Appartement,209900,39,5382,94071,48.773068,2.521966
2022-1594431,2022-11-30,2022,Appartement,250000,73,3425,94071,48.766693,2.528216
2022-1594531,2022-12-01,2022,Appartement,275000,130,2115,94071,48.772577,2.525787
2022-1594538,2022-11-24,2022,Appartement,307500,80,3844,94071,48.766792,2.532928
2022-1594555,2022-11-30,2022,Appartement,248000,58,4276,94071,48.772577,2.525787
2022-1594577,2022-11-25,2022,Maison,535000,165,3242,94071,48.756252,2.554637
2022-1594876,2022-12-13,2022,Appartement,335000,60,5583,94071,48.76737,2.533648
2022-1595038,2022-12-19,2022,Maison,380000,93,4086,94071,48.756513,2.550213
2022-1595048,2022-12-16,2022,Appartement,308685,86,3589,94071,48.766693,2.528216
2022-1595136,2022-12-16,2022,Maison,292500,172,1701,94071,48.77382,2.536033
2022-1595183,2022-12-13,2022,Maison,550000,124,4435,94071,48.771482,2.535034
2022-1595197,2022-12-21,2022,Appartement,177000,38,4658,94071,48.775009,2.52781
2022-1595203,2022-12-20,2022,Appartement,287000,68,4221,94071,48.773068,2.521966
2022-1595205,2022-12-21,2022,Appartement,155000,40,3875,94071,48.774443,2.527807
2022-1595368,2022-12-26,2022,Appartement,152000,38,4000,94071,48.775009,2.52781
2022-1595379,2022-12-21,2022,Maison,541300,142,3812,94071,48.756927,2.551233
2022-1595439,2022-12-27,2022,Maison,650650,151,4309,94071,48.755745,2.552726
2022-1595744,2022-12-27,2022,Maison,419000,90,4656,94071,48.765378,2.516057
2022-1595760,2022-12-29,2022,Appartement,380000,75,5067,94071,48.770649,2.505609
2022-1595761,2022-12-29,2022,Maison,240000,53,4528,94071,48.766458,2.516821
2022-1595837,2022-12-22,2022,Maison,250000,40,6250,94071,48.773002,2.511202
2022-1595843,2022-12-09,2022,Maison,355000,76,4671,94071,48.776172,2.51029
2022-1596033,2022-12-21,2022,Appartement,208604,74,2819,94071,48.767259,2.528705
2022-1596038,2022-12-20,2022,Appartement,172737,61,2832,94071,48.767259,2.528705
2022-1596145,2022-12-20,2022,Maison,696170,102,6825,94071,48.772832,2.533621
2022-1596146,2022-12-22,2022,Maison,467000,58,8052,94071,48.774768,2.508701
2022-1596324,2022-12-26,2022,Appartement,194000,43,4512,94071,48.769549,2.522133
2022-1596327,2022-12-28,2022,Maison,833880,206,4048,94071,48.756563,2.560325
2022-1596850,2022-12-30,2022,Maison,510000,117,4359,94071,48.774531,2.516828
2022-1596867,2022-12-23,2022,Maison,585000,117,5000,94071,48.765892,2.515163
2023-1264478,2023-01-04,2023,Appartement,230000,62,3710,94071,48.770869,2.525041
2023-1264559,2023-01-10,2023,Maison,415160,93,4464,94071,48.756223,2.550445
2023-1264560,2023-01-05,2023,Appartement,177000,38,4658,94071,48.773068,2.521966
2023-1264702,2023-01-18,2023,Maison,380000,115,3304,94071,48.760979,2.528964
2023-1264738,2023-01-16,2023,Appartement,140000,30,4667,94071,48.767259,2.528705
2023-1264810,2023-01-17,2023,Appartement,199000,72,2764,94071,48.759647,2.553226
2023-1264822,2023-01-16,2023,Appartement,141000,30,4700,94071,48.770869,2.525041
2023-1264884,2023-01-24,2023,Maison,535110,91,5880,94071,48.772824,2.536421
2023-1264889,2023-01-02,2023,Maison,460000,82,5610,94071,48.762794,2.524014
2023-1264893,2023-01-17,2023,Maison,680000,95,7158,94071,48.775181,2.512984
2023-1265073,2023-01-17,2023,Appartement,61000,50,1220,94071,48.770162,2.519446
2023-1265146,2023-01-27,2023,Maison,712000,157,4535,94071,48.769175,2.510576
2023-1265192,2023-01-30,2023,Maison,490000,147,3333,94071,48.761272,2.53116
2023-1265201,2023-01-30,2023,Appartement,245000,81,3025,94071,48.770986,2.51008
2023-1265206,2023-01-17,2023,Appartement,90000,51,1765,94071,48.76737,2.533648
2023-1265292,2023-01-09,2023,Appartement,264550,72,3674,94071,48.77094,2.527167
2023-1265316,2023-02-01,2023,Appartement,264000,75,3520,94071,48.77055,2.520944
2023-1265336,2023-01-13,2023,Appartement,300000,90,3333,94071,48.775577,2.515369
2023-1265448,2023-01-17,2023,Maison,558020,90,6200,94071,48.768247,2.524759
2023-1265461,2023-01-18,2023,Appartement,185000,42,4405,94071,48.770869,2.525041
2023-1265463,2023-02-03,2023,Maison,640000,121,5289,94071,48.760404,2.528775
2023-1265467,2023-02-03,2023,Maison,390000,93,4194,94071,48.767535,2.526719
2023-1265582,2023-01-26,2023,Maison,270000,51,5294,94071,48.772163,2.508047
2023-1265606,2023-02-07,2023,Maison,430000,91,4725,94071,48.773233,2.535289
2023-1265636,2023-02-08,2023,Appartement,226000,72,3139,94071,48.77094,2.527167
2023-1265760,2023-01-27,2023,Maison,517000,161,3211,94071,48.754843,2.536793
2023-1265999,2023-02-06,2023,Maison,320000,100,3200,94071,48.774219,2.515226
2023-1266057,2023-02-09,2023,Appartement,178000,50,3560,94071,48.769422,2.520274
2023-1266102,2023-02-08,2023,Maison,600000,174,3448,94071,48.765639,2.511042
2023-1266128,2023-02-14,2023,Appartement,246000,57,4316,94071,48.773068,2.521966
2023-1266212,2023-02-15,2023,Appartement,149000,55,2709,94071,48.77511,2.529948
2023-1266220,2023-02-17,2023,Maison,630000,148,4257,94071,48.773058,2.530415
2023-1266221,2023-02-16,2023,Maison,800750,224,3575,94071,48.756487,2.534783
2023-1266225,2023-02-07,2023,Appartement,160000,70,2286,94071,48.774714,2.529237
2023-1266253,2023-02-17,2023,Maison,542500,106,5118,94071,48.771482,2.535034
2023-1266276,2023-02-17,2023,Appartement,218000,63,3460,94071,48.775009,2.52781
2023-1266390,2023-02-16,2023,Maison,445000,85,5235,94071,48.769129,2.514295
2023-1266396,2023-01-25,2023,Appartement,235000,72,3264,94071,48.77094,2.527167
2023-1266635,2023-02-27,2023,Maison,295000,124,2379,94071,48.763147,2.532618
2023-1266679,2023-02-22,2023,Maison,660350,147,4492,94071,48.755096,2.556354
2023-1266798,2023-03-02,2023,Appartement,292000,62,4710,94071,48.769957,2.520669
2023-1266815,2023-02-08,2023,Appartement,389000,103,3777,94071,48.773215,2.510357
2023-1266836,2023-02-23,2023,Appartement,405000,93,4355,94071,48.771784,2.522928
2023-1266862,2023-02-22,2023,Appartement,120000,36,3333,94071,48.770162,2.519446
2023-1267005,2023-03-02,2023,Maison,395000,68,5809,94071,48.778437,2.513047
2023-1267025,2023-02-15,2023,Maison,505000,156,3237,94071,48.762992,2.526677
2023-1267145,2023-03-08,2023,Appartement,144000,29,4966,94071,48.767259,2.528705
2023-1267156,2023-03-07,2023,Maison,427775,70,6111,94071,48.779193,2.513365
2023-1267165,2023-03-09,2023,Appartement,195000,39,5000,94071,48.771784,2.522928
2023-1267216,2023-03-01,2023,Maison,450000,103,4369,94071,48.768883,2.527053
2023-1267330,2023-03-06,2023,Maison,522000,90,5800,94071,48.765861,2.512731
2023-1267359,2023-03-10,2023,Maison,575000,67,8582,94071,48.764485,2.511514
2023-1267502,2023-02-15,2023,Appartement,195000,45,4333,94071,48.769549,2.522133
2023-1267579,2023-03-15,2023,Appartement,250000,58,4310,94071,48.772577,2.525787
2023-1267580,2023-03-15,2023,Appartement,165000,70,2357,94071,48.77511,2.529948
2023-1267769,2023-03-20,2023,Maison,397000,93,4269,94071,48.756891,2.54797
2023-1267800,2023-03-16,2023,Maison,350000,61,5738,94071,48.765159,2.511933
2023-1267837,2023-03-21,2023,Maison,620000,66,9394,94071,48.766523,2.521556
2023-1267852,2023-03-20,2023,Maison,390000,97,4021,94071,48.764465,2.532048
2023-1267935,2023-03-15,2023,Appartement,235000,62,3790,94071,48.770869,2.525041
2023-1268006,2023-03-16,2023,Appartement,306497,70,4379,94071,48.76737,2.533648
2023-1268068,2023-03-20,2023,Appartement,208000,58,3586,94071,48.771842,2.520675
2023-1268175,2023-03-17,2023,Maison,430000,94,4574,94071,48.767807,2.536753
2023-1268189,2023-03-24,2023,Maison,272000,59,4610,94071,48.766275,2.526301
2023-1268505,2023-03-31,2023,Appartement,254000,58,4379,94071,48.772577,2.525787
2023-1268529,2023-03-31,2023,Appartement,115000,58,1983,94071,48.770302,2.522662
2023-1268597,2023-03-21,2023,Maison,360000,70,5143,94071,48.778797,2.516768
2023-1268615,2023-04-03,2023,Appartement,244000,64,3812,94071,48.785382,2.516611
2023-1268644,2023-04-04,2023,Appartement,160000,41,3902,94071,48.770162,2.519446
2023-1268922,2023-03-15,2023,Appartement,282000,70,4029,94071,48.770986,2.51008
2023-1268937,2023-03-29,2023,Appartement,230000,59,3898,94071,48.770162,2.519446
2023-1268962,2023-04-12,2023,Appartement,190000,83,2289,94071,48.774714,2.529237
2023-1269031,2023-03-21,2023,Appartement,180000,57,3158,94071,48.77347,2.51847
2023-1269110,2023-03-23,2023,Maison,640000,138,4638,94071,48.778783,2.51285
2023-1269227,2023-04-18,2023,Appartement,138500,27,5130,94071,48.769549,2.522133
2023-1269248,2023-04-14,2023,Maison,360000,93,3871,94071,48.755704,2.550362
2023-1269268,2023-04-19,2023,Maison,545000,131,4160,94071,48.763858,2.532168
2023-1269468,2023-04-24,2023,Maison,422000,94,4489,94071,48.756084,2.550425
2023-1269485,2023-04-14,2023,Maison,880000,154,5714,94071,48.768968,2.517178
2023-1269486,2023-04-21,2023,Maison,735000,140,5250,94071,48.774977,2.516973
2023-1269842,2023-05-02,2023,Appartement,154000,70,2200,94071,48.776279,2.522352
2023-1270039,2023-05-04,2023,Maison,440000,97,4536,94071,48.772631,2.511321
2023-1270119,2023-04-24,2023,Appartement,340000,87,3908,94071,48.77094,2.527167
2023-1270207,2023-05-02,2023,Appartement,240000,67,3582,94071,48.770986,2.51008
2023-1270337,2023-04-14,2023,Appartement,135000,32,4219,94071,48.769141,2.510428
2023-1270544,2023-05-12,2023,Maison,400000,94,4255,94071,48.755144,2.549163
2023-1270869,2023-05-05,2023,Maison,850000,223,3812,94071,48.7557,2.559889
2023-1271117,2023-05-04,2023,Maison,390000,84,4643,94071,48.776586,2.534121
2023-1271142,2023-05-25,2023,Maison,480000,78,6154,94071,48.774625,2.518264
2023-1271154,2023-04-27,2023,Appartement,154000,62,2484,94071,48.769573,2.537343
2023-1271269,2023-05-23,2023,Appartement,213000,46,4630,94071,48.779618,2.510823
2023-1271277,2023-05-30,2023,Maison,339000,54,6278,94071,48.766458,2.516821
2023-1271311,2023-05-31,2023,Appartement,215000,42,5119,94071,48.77044,2.520168
2023-1271526,2023-06-02,2023,Appartement,250000,75,3333,94071,48.772498,2.518166
2023-1271530,2023-06-05,2023,Appartement,224990,62,3629,94071,48.770869,2.525041
2023-1271546,2023-05-26,2023,Appartement,135000,21,6429,94071,48.769815,2.521868
2023-1271637,2023-05-23,2023,Maison,345000,60,5750,94071,48.775225,2.512174
2023-1271650,2023-06-05,2023,Maison,410000,90,4556,94071,48.761702,2.531133
2023-1271768,2023-06-02,2023,Maison,500000,137,3650,94071,48.765958,2.532405
2023-1271772,2023-05-31,2023,Maison,282500,40,7062,94071,48.764248,2.530782
2023-1271887,2023-05-16,2023,Appartement,333000,73,4562,94071,48.769549,2.522133
2023-1271898,2023-06-05,2023,Maison,693700,160,4336,94071,48.76245,2.509574
2023-1271935,2023-05-31,2023,Appartement,255000,72,3542,94071,48.77094,2.527167
2023-1272010,2023-05-26,2023,Maison,265000,60,4417,94071,48.774264,2.515989
2023-1272055,2023-06-01,2023,Appartement,105142,57,1845,94071,48.771842,2.520675
2023-1272071,2023-06-14,2023,Appartement,207000,57,3632,94071,48.771842,2.520675
2023-1272077,2023-06-01,2023,Appartement,674016,70,9629,94071,48.776279,2.522352
2023-1272139,2023-06-15,2023,Appartement,145000,32,4531,94071,48.771059,2.509266
2023-1272140,2023-06-05,2023,Appartement,132500,24,5521,94071,48.773761,2.509034
2023-1272416,2023-06-20,2023,Appartement,201610,46,4383,94071,48.769549,2.522133
2023-1272428,2023-06-16,2023,Maison,675000,153,4412,94071,48.765251,2.516535
2023-1272499,2023-06-21,2023,Appartement,232000,61,3803,94071,48.77055,2.520944
2023-1272514,2023-06-16,2023,Maison,589720,178,3313,94071,48.77218,2.53453
2023-1272565,2023-06-14,2023,Appartement,235000,91,2582,94071,48.770869,2.525041
2023-1272566,2023-06-19,2023,Appartement,170000,70,2429,94071,48.77511,2.529948
2023-1272660,2023-06-21,2023,Maison,570000,100,5700,94071,48.778753,2.517681
2023-1272664,2023-06-23,2023,Maison,175000,77,2273,94071,48.756208,2.532468
2023-1272674,2023-06-23,2023,Maison,390000,90,4333,94071,48.766458,2.516821
2023-1272675,2023-06-26,2023,Appartement,279000,65,4292,94071,48.769403,2.534846
2023-1272679,2023-06-16,2023,Maison,478000,139,3439,94071,48.756102,2.545504
2023-1272797,2023-06-27,2023,Maison,235000,124,1895,94071,48.763923,2.531324
2023-1272800,2023-06-28,2023,Appartement,215000,62,3468,94071,48.770869,2.525041
2023-1272818,2023-06-05,2023,Maison,453000,94,4819,94071,48.75686,2.550199
2023-1272886,2023-06-16,2023,Maison,500000,167,2994,94071,48.766125,2.522053
2023-1272914,2023-06-27,2023,Maison,560000,139,4029,94071,48.766144,2.537531
2023-1272972,2023-06-23,2023,Maison,623500,126,4948,94071,48.774548,2.512915
2023-1272996,2023-06-30,2023,Maison,454000,90,5044,94071,48.772836,2.509252
2023-1273101,2023-06-30,2023,Appartement,96200,29,3317,94071,48.769815,2.521868
2023-1273193,2023-06-29,2023,Appartement,181000,39,4641,94071,48.773068,2.521966
2023-1273301,2023-07-05,2023,Maison,550000,94,5851,94071,48.766078,2.519734
2023-1273346,2023-06-26,2023,Maison,445000,107,4159,94071,48.759906,2.550645
2023-1273349,2023-06-23,2023,Maison,586000,120,4883,94071,48.765337,2.523459
2023-1273512,2023-06-29,2023,Appartement,305000,101,3020,94071,48.785382,2.516611
2023-1273561,2023-07-10,2023,Appartement,210000,45,4667,94071,48.767259,2.528705
2023-1273565,2023-07-10,2023,Maison,300000,55,5455,94071,48.760708,2.528654
2023-1273572,2023-06-16,2023,Maison,430000,81,5309,94071,48.773474,2.514175
2023-1273701,2023-07-06,2023,Appartement,192000,72,2667,94071,48.77094,2.527167
2023-1273754,2023-07-11,2023,Maison,540900,144,3756,94071,48.760433,2.529445
2023-1273937,2023-07-05,2023,Maison,750000,135,5556,94071,48.772564,2.510514
2023-1273945,2023-07-06,2023,Maison,730000,190,3842,94071,48.779425,2.522112
2023-1273960,2023-07-11,2023,Appartement,195000,59,3305,94071,48.775009,2.52781
2023-1274065,2023-07-17,2023,Maison,730000,168,4345,94071,48.756449,2.529193
2023-1274249,2023-07-13,2023,Appartement,175000,39,4487,94071,48.770988,2.519926
2023-1274254,2023-07-12,2023,Maison,764000,110,6945,94071,48.768165,2.526459
2023-1274326,2023-07-13,2023,Maison,550000,91,6044,94071,48.767794,2.538666
2023-1274460,2023-07-21,2023,Maison,630000,107,5888,94071,48.769128,2.509033
2023-1274465,2023-07-20,2023,Appartement,225000,72,3125,94071,48.77094,2.527167
2023-1274477,2023-07-20,2023,Appartement,235000,65,3615,94071,48.767259,2.528705
2023-1274495,2023-07-03,2023,Appartement,266300,68,3916,94071,48.772577,2.525787
2023-1274584,2023-07-21,2023,Maison,480000,72,6667,94071,48.762542,2.522166
2023-1274622,2023-07-24,2023,Maison,596400,156,3823,94071,48.768061,2.53521
2023-1274626,2023-07-21,2023,Appartement,330000,101,3267,94071,48.785382,2.516611
2023-1274675,2023-07-24,2023,Appartement,265000,68,3897,94071,48.772577,2.525787
2023-1274711,2023-07-25,2023,Appartement,155000,55,2818,94071,48.770444,2.519929
2023-1274715,2023-07-05,2023,Maison,540850,118,4583,94071,48.771482,2.535034
2023-1274828,2023-07-19,2023,Maison,612000,82,7463,94071,48.777698,2.515795
2023-1274984,2023-07-28,2023,Appartement,268000,58,4621,94071,48.772577,2.525787
2023-1275047,2023-07-28,2023,Maison,1145000,110,10409,94071,48.76852,2.51148
2023-1275061,2023-07-28,2023,Appartement,200000,66,3030,94071,48.762117,2.526888
2023-1275081,2023-07-27,2023,Maison,480000,172,2791,94071,48.778354,2.513673
2023-1275128,2023-07-31,2023,Appartement,291410,83,3511,94071,48.785382,2.516611
2023-1275220,2023-07-26,2023,Appartement,160000,55,2909,94071,48.77055,2.520944
2023-1275292,2023-08-01,2023,Appartement,264000,66,4000,94071,48.769549,2.522133
2023-1275531,2023-08-04,2023,Maison,336000,77,4364,94071,48.756206,2.549833
2023-1275596,2023-07-12,2023,Maison,584000,120,4867,94071,48.77211,2.512072
2023-1275698,2023-07-19,2023,Maison,464250,139,3340,94071,48.756898,2.54642
2023-1275788,2023-08-04,2023,Appartement,206300,44,4689,94071,48.769247,2.523063
2023-1275991,2023-07-25,2023,Appartement,176500,30,5883,94071,48.770231,2.521034
2023-1276098,2023-08-04,2023,Maison,615000,174,3534,94071,48.773269,2.534303
2023-1276114,2023-07-28,2023,Maison,200000,110,1818,94071,48.761774,2.527042
2023-1276127,2023-08-10,2023,Appartement,315000,86,3663,94071,48.766693,2.528216
2023-1276227,2023-08-25,2023,Appartement,330000,75,4400,94071,48.76737,2.533648
2023-1276229,2023-08-24,2023,Appartement,157000,70,2243,94071,48.774714,2.529237
2023-1276231,2023-08-25,2023,Maison,390000,91,4286,94071,48.771036,2.536456
2023-1276233,2023-08-25,2023,Appartement,282000,72,3917,94071,48.77094,2.527167
2023-1276234,2023-08-24,2023,Maison,400000,138,2899,94071,48.757379,2.541443
2023-1276292,2023-08-24,2023,Appartement,374440,80,4680,94071,48.772021,2.532122
2023-1276307,2023-08-09,2023,Maison,385000,114,3377,94071,48.777654,2.513255
2023-1276332,2023-08-30,2023,Appartement,305000,69,4420,94071,48.770885,2.520508
2023-1276382,2023-08-31,2023,Appartement,240000,64,3750,94071,48.785382,2.516611
2023-1276477,2023-08-31,2023,Maison,533000,86,6198,94071,48.761939,2.529424
2023-1276483,2023-08-21,2023,Appartement,303000,68,4456,94071,48.772577,2.525787
2023-1276509,2023-08-30,2023,Maison,330000,75,4400,94071,48.773691,2.508186
2023-1276521,2023-08-21,2023,Maison,957200,172,5565,94071,48.772385,2.5156
2023-1276540,2023-08-31,2023,Maison,405000,67,6045,94071,48.772316,2.508086
2023-1276665,2023-09-06,2023,Maison,390000,44,8864,94071,48.755507,2.533127
2023-1276684,2023-08-24,2023,Maison,592000,140,4229,94071,48.765726,2.525705
2023-1276731,2023-09-07,2023,Appartement,194000,50,3880,94071,48.759556,2.530434
2023-1276810,2023-09-05,2023,Maison,383000,80,4788,94071,48.760828,2.531929
2023-1276833,2023-09-12,2023,Appartement,215000,72,2986,94071,48.77094,2.527167
2023-1276907,2023-09-12,2023,Appartement,201000,53,3792,94071,48.766693,2.528216
2023-1277049,2023-09-06,2023,Maison,490000,139,3525,94071,48.756168,2.54757
2023-1277051,2023-09-15,2023,Maison,535000,88,6080,94071,48.775733,2.51653
2023-1277103,2023-09-13,2023,Maison,736030,180,4089,94071,48.763424,2.509663
2023-1277132,2023-09-15,2023,Appartement,271000,68,3985,94071,48.772577,2.525787
2023-1277250,2023-09-01,2023,Appartement,215000,58,3707,94071,48.772577,2.525787
2023-1277300,2023-09-18,2023,Appartement,196000,59,3322,94071,48.766693,2.528216
2023-1277384,2023-09-08,2023,Maison,480000,91,5275,94071,48.768428,2.537594
2023-1277425,2023-09-04,2023,Appartement,534000,113,4726,94071,48.769247,2.523063
2023-1277460,2023-09-15,2023,Maison,466000,49,9510,94071,48.767969,2.509541
2023-1277683,2023-09-27,2023,Appartement,179000,70,2557,94071,48.774714,2.529237
2023-1277718,2023-09-15,2023,Appartement,164000,57,2877,94071,48.771842,2.520675
2023-1277760,2023-09-29,2023,Maison,525500,94,5590,94071,48.768777,2.526255
2023-1277785,2023-08-30,2023,Appartement,202240,47,4303,94071,48.771784,2.522928
2023-1277837,2023-09-27,2023,Appartement,230000,61,3770,94071,48.770302,2.522662
2023-1277954,2023-09-21,2023,Maison,536000,157,3414,94071,48.756836,2.541616
2023-1278318,2023-10-09,2023,Maison,360000,80,4500,94071,48.758477,2.554779
2023-1278331,2023-09-14,2023,Maison,491300,66,7444,94071,48.761121,2.529366
2023-1278600,2023-10-11,2023,Appartement,233000,73,3192,94071,48.766693,2.528216
2023-1278619,2023-10-12,2023,Maison,405000,91,4451,94071,48.776241,2.510987
2023-1278659,2023-09-29,2023,Appartement,150000,62,2419,94071,48.770869,2.525041
2023-1278941,2023-10-04,2023,Maison,617000,160,3856,94071,48.773161,2.509199
2023-1279026,2023-10-18,2023,Appartement,100000,53,1887,94071,48.776279,2.522352
2023-1279095,2023-10-10,2023,Maison,810000,156,5192,94071,48.766651,2.509685
2023-1279145,2023-10-13,2023,Appartement,560000,100,5600,94071,48.758387,2.554184
2023-1279205,2023-10-20,2023,Appartement,165000,72,2292,94071,48.774714,2.529237
2023-1279207,2023-10-26,2023,Appartement,247050,60,4118,94071,48.773068,2.521966
2023-1279232,2023-10-19,2023,Maison,355000,100,3550,94071,48.774219,2.515226
2023-1279236,2023-10-26,2023,Appartement,380000,72,5278,94071,48.769403,2.534846
2023-1279360,2023-10-24,2023,Appartement,146000,40,3650,94071,48.774443,2.527807
2023-1279424,2023-10-24,2023,Maison,457000,148,3088,94071,48.760754,2.551016
2023-1279552,2023-10-26,2023,Appartement,140000,64,2188,94071,48.785382,2.516611
2023-1279647,2023-10-30,2023,Maison,345000,77,4481,94071,48.756035,2.549811
2023-1279753,2023-10-20,2023,Maison,548000,103,5320,94071,48.77579,2.513119
2023-1279961,2023-11-13,2023,Maison,620000,145,4276,94071,48.765685,2.511858
2023-1280037,2023-11-15,2023,Maison,475000,110,4318,94071,48.766622,2.534921
2023-1280090,2023-10-19,2023,Appartement,210000,47,4468,94071,48.77055,2.520944
2023-1280214,2023-11-17,2023,Maison,588000,140,4200,94071,48.757277,2.528558
2023-1280564,2023-11-27,2023,Appartement,112603,53,2125,94071,48.776279,2.522352
2023-1280719,2023-11-30,2023,Maison,443000,110,4027,94071,48.757726,2.541079
2023-1280899,2023-12-01,2023,Maison,887000,168,5280,94071,48.768805,2.512783
2023-1281080,2023-11-22,2023,Maison,280000,45,6222,94071,48.773931,2.508767
2023-1281107,2023-11-14,2023,Appartement,248000,44,5636,94071,48.78016,2.511363
2023-1281288,2023-12-11,2023,Appartement,254000,81,3136,94071,48.772498,2.518166
2023-1281366,2023-12-08,2023,Appartement,296000,73,4055,94071,48.766792,2.532928
2023-1281367,2023-12-08,2023,Appartement,230000,54,4259,94071,48.770302,2.522662
2023-1281368,2023-12-04,2023,Maison,292000,53,5509,94071,48.757681,2.530569
2023-1281370,2023-11-30,2023,Appartement,275000,83,3313,94071,48.785382,2.516611
2023-1281403,2023-12-12,2023,Appartement,112000,50,2240,94071,48.770162,2.519446
2023-1281434,2023-12-08,2023,Maison,427140,90,4746,94071,48.773911,2.510225
2023-1281469,2023-12-06,2023,Maison,480000,94,5106,94071,48.775998,2.510228
2023-1281492,2023-12-15,2023,Appartement,205000,67,3060,94071,48.770986,2.51008
2023-1281495,2023-12-15,2023,Maison,625000,127,4921,94071,48.758405,2.55717
2023-1281520,2023-12-19,2023,Maison,415000,91,4560,94071,48.771482,2.535034
2023-1281562,2023-12-01,2023,Maison,83237,144,578,94071,48.759395,2.52904
2023-1281602,2023-12-12,2023,Appartement,144500,39,3705,94071,48.77055,2.520944
2023-1281633,2023-12-15,2023,Maison,580000,152,3816,94071,48.761836,2.528272
2023-1281731,2023-12-21,2023,Maison,680000,173,3931,94071,48.761638,2.526107
2023-1281969,2023-12-19,2023,Appartement,170000,67,2537,94071,48.770986,2.51008
2023-1282033,2023-12-22,2023,Maison,350000,57,6140,94071,48.764769,2.529322
2023-1282051,2023-12-04,2023,Maison,399000,29,13759,94071,48.763446,2.527172
2023-1282288,2023-12-20,2023,Maison,420000,91,4615,94071,48.767989,2.538612
2023-1282383,2023-12-12,2023,Maison,600000,140,4286,94071,48.774986,2.519233
2023-1282484,2023-12-27,2023,Appartement,223100,72,3099,94071,48.77094,2.527167
2023-1282549,2023-12-15,2023,Appartement,237000,83,2855,94071,48.785382,2.516611
2023-1282624,2023-12-27,2023,Appartement,165000,58,2845,94071,48.766693,2.528216
2023-1282631,2023-12-28,2023,Maison,579700,145,3998,94071,48.755351,2.558941
2023-1282691,2023-12-29,2023,Maison,390000,91,4286,94071,48.76985,2.538987
2023-1282733,2023-12-19,2023,Maison,521000,92,5663,94071,48.763839,2.527264
2023-1282834,2023-12-21,2023,Maison,621000,176,3528,94071,48.764799,2.511973
2024-518164,2024-01-12,2024,Maison,330000,62,5323,94071,48.780405,2.517672
2024-518169,2024-01-12,2024,Maison,590000,116,5086,94071,48.772782,2.526906
2024-518174,2024-01-10,2024,Appartement,156850,46,3410,94071,48.769549,2.522133
2024-518319,2024-01-08,2024,Maison,268000,63,4254,94071,48.766458,2.516821
2024-518521,2024-01-25,2024,Maison,503745,122,4129,94071,48.763499,2.537447
2024-518597,2024-01-23,2024,Maison,804310,177,4544,94071,48.762746,2.513529
2024-518665,2024-01-31,2024,Appartement,435950,90,4844,94071,48.771708,2.511008
2024-518764,2024-02-01,2024,Maison,610000,152,4013,94071,48.763172,2.514056
2024-518788,2024-02-02,2024,Appartement,460000,94,4894,94071,48.772021,2.532122
2024-518811,2024-01-19,2024,Appartement,175000,70,2500,94071,48.774714,2.529237
2024-518907,2024-01-30,2024,Maison,445000,39,11410,94071,48.773531,2.511499
2024-518932,2024-02-06,2024,Appartement,170000,70,2429,94071,48.77511,2.529948
2024-519062,2024-01-30,2024,Maison,411300,78,5273,94071,48.772481,2.508535
2024-519225,2024-01-31,2024,Maison,593000,89,6663,94071,48.765848,2.510174
2024-519325,2024-02-01,2024,Maison,486000,126,3857,94071,48.780444,2.51428
2024-519338,2024-02-14,2024,Appartement,210000,62,3387,94071,48.770869,2.525041
2024-519440,2024-02-21,2024,Appartement,120000,26,4615,94071,48.770713,2.520224
2024-519541,2024-01-29,2024,Maison,335000,64,5234,94071,48.780117,2.512804
2024-519608,2024-02-13,2024,Appartement,290000,81,3580,94071,48.772498,2.518166
2024-519801,2024-03-01,2024,Appartement,144930,55,2635,94071,48.77511,2.529948
2024-519812,2024-03-01,2024,Maison,773400,189,4092,94071,48.767092,2.522647
2024-519816,2024-02-28,2024,Maison,387000,92,4207,94071,48.756055,2.532849
2024-519930,2024-03-04,2024,Maison,386000,120,3217,94071,48.756026,2.559729
2024-519959,2024-03-07,2024,Appartement,160000,88,1818,94071,48.775918,2.522424
2024-520015,2024-03-05,2024,Maison,344000,68,5059,94071,48.764248,2.530782
2024-520066,2024-03-07,2024,Appartement,238000,67,3552,94071,48.770986,2.51008
2024-520081,2024-03-06,2024,Appartement,175000,46,3804,94071,48.769549,2.522133
2024-520084,2024-02-12,2024,Maison,372000,95,3916,94071,48.762522,2.509394
2024-520231,2024-02-28,2024,Maison,415000,97,4278,94071,48.762593,2.528145
2024-520270,2024-02-22,2024,Maison,620000,118,5254,94071,48.773282,2.511788
2024-520442,2024-03-15,2024,Appartement,185000,45,4111,94071,48.763299,2.519804
2024-520518,2024-03-06,2024,Appartement,160000,66,2424,94071,48.77511,2.529948
2024-520862,2024-03-27,2024,Maison,380000,84,4524,94071,48.768126,2.523403
2024-520935,2024-03-20,2024,Maison,348000,45,7733,94071,48.776476,2.514878
2024-521155,2024-03-20,2024,Appartement,155000,46,3370,94071,48.771907,2.508456
2024-521304,2024-03-26,2024,Appartement,151000,46,3283,94071,48.771907,2.508456
2024-521451,2024-03-29,2024,Maison,500000,136,3676,94071,48.767478,2.536377
2024-521680,2024-03-29,2024,Appartement,150000,57,2632,94071,48.77347,2.51847
2024-521694,2024-04-18,2024,Maison,638260,150,4255,94071,48.755274,2.552138
2024-521784,2024-04-04,2024,Maison,395000,80,4938,94071,48.755794,2.538255
2024-522078,2024-04-30,2024,Appartement,121000,54,2241,94071,48.77511,2.529948
2024-522083,2024-04-25,2024,Maison,595000,172,3459,94071,48.757191,2.56137
2024-522142,2024-05-03,2024,Maison,497430,142,3503,94071,48.75521,2.548831
2024-522382,2024-05-07,2024,Maison,415000,75,5533,94071,48.764767,2.527797
2024-522507,2024-05-14,2024,Appartement,180000,51,3529,94071,48.779618,2.510823
2024-522527,2024-05-14,2024,Maison,330000,84,3929,94071,48.77607,2.51198
2024-522557,2024-04-30,2024,Maison,381000,80,4762,94071,48.780567,2.51975
2024-522728,2024-05-13,2024,Maison,352500,56,6295,94071,48.777148,2.513794
2024-522808,2024-05-15,2024,Maison,101436,46,2205,94071,48.764046,2.520336
2024-522830,2024-05-23,2024,Appartement,130000,65,2000,94071,48.769158,2.519638
2024-522835,2024-05-03,2024,Appartement,245000,91,2692,94071,48.767259,2.528705
2024-522846,2024-05-24,2024,Appartement,291000,72,4042,94071,48.770885,2.520508
2024-522912,2024-05-24,2024,Maison,450000,138,3261,94071,48.755519,2.555976
2024-522972,2024-05-22,2024,Appartement,133000,45,2956,94071,48.769759,2.508438
2024-523153,2024-05-07,2024,Appartement,123000,30,4100,94071,48.770713,2.520224
2024-523250,2024-06-03,2024,Appartement,237000,58,4086,94071,48.772577,2.525787
2024-523384,2024-05-23,2024,Maison,420000,106,3962,94071,48.766659,2.5218
2024-523474,2024-06-06,2024,Maison,515000,82,6280,94071,48.775666,2.516327
2024-523509,2024-06-07,2024,Maison,350000,64,5469,94071,48.780177,2.516187
2024-523530,2024-06-05,2024,Maison,320000,103,3107,94071,48.780567,2.51975
2024-523550,2024-06-10,2024,Maison,415000,100,4150,94071,48.755892,2.529674
2024-523554,2024-06-05,2024,Appartement,186170,34,5476,94071,48.77094,2.527167
2024-523613,2024-06-12,2024,Maison,459874,90,5110,94071,48.778059,2.513394
2024-523672,2024-06-12,2024,Appartement,239000,85,2812,94071,48.766693,2.528216
2024-523742,2024-06-12,2024,Appartement,135000,29,4655,94071,48.772402,2.510709
2024-523918,2024-06-14,2024,Appartement,375000,63,5952,94071,48.771708,2.511008
2024-523976,2024-06-20,2024,Appartement,127000,40,3175,94071,48.77094,2.527167
2024-523986,2024-06-10,2024,Maison,230000,32,7188,94071,48.764381,2.528063
2024-523987,2024-06-06,2024,Appartement,145000,70,2071,94071,48.774714,2.529237
2024-524013,2024-06-07,2024,Maison,415000,103,4029,94071,48.7615,2.52977
2024-524087,2024-06-21,2024,Maison,468000,128,3656,94071,48.761448,2.527701
2024-524090,2024-06-19,2024,Appartement,135000,37,3649,94071,48.769549,2.522133
2024-524121,2024-06-21,2024,Appartement,250000,56,4464,94071,48.771784,2.522928
2024-524164,2024-05-31,2024,Appartement,273000,81,3370,94071,48.76737,2.533648
2024-524252,2024-05-29,2024,Appartement,350000,54,6481,94071,48.776591,2.514458
2024-524352,2024-06-28,2024,Appartement,165500,39,4244,94071,48.774443,2.527807
2024-524372,2024-06-28,2024,Maison,428500,139,3083,94071,48.774034,2.509465
2024-524474,2024-06-28,2024,Maison,345000,72,4792,94071,48.766867,2.528046
2024-524554,2024-06-25,2024,Maison,335000,91,3681,94071,48.768494,2.521076
2024-524614,2024-06-27,2024,Maison,405000,76,5329,94071,48.77075,2.51033
2024-524637,2024-06-18,2024,Maison,442000,76,5816,94071,48.770287,2.510324
2024-524816,2024-06-27,2024,Maison,470000,111,4234,94071,48.779055,2.519347
2024-524873,2024-06-26,2024,Maison,435000,135,3222,94071,48.756256,2.543342
2024-524977,2024-06-20,2024,Appartement,165910,73,2273,94071,48.77511,2.529948
